id,name,team,role,battingStyle,bowlingStyle
864c199e,AC Voges,Australia,Batsman,,
685d3f80,AJ Pycroft,Unknown,Unknown,,
f02778d1,Aleem Dar,Unknown,Unknown,,
33085ffb,D Elgar,South Africa,Batsman,,
dcce6f09,DA Warner,Australia,Batsman,,
8fd1a8f5,DW Steyn,South Africa,Batsman,,
3355b542,F du Plessis,South Africa,Batsman,,
e798611a,HM Amla,South Africa,Batsman,,
2e8994e7,JP Duminy,South Africa,Batsman,,
03806cf8,JR Hazlewood,Australia,Bowler,,
e62dd25d,K Rabada,South Africa,Batsman,,
0b60eb09,KA Maharaj,South Africa,Batsman,,
3fb19989,MA Starc,Australia,Bowler,,
3d8feaf8,MR Marsh,Australia,Bowler,,
573fb985,NJ Llong,Unknown,Unknown,,
96a6a7ad,NM Lyon,Australia,Bowler,,
a22fb7b5,PM Nevill,Australia,Batsman,,
bd93fea4,PM Siddle,Australia,Bowler,,
372455c4,Q de Kock,South Africa,Batsman,,
4017868f,RA Kettleborough,Unknown,Unknown,,
13bee186,SC Cook,South Africa,Batsman,,
508a1ea7,SE Marsh,Australia,Batsman,,
9b3f9323,SJ Nogajski,Unknown,Unknown,,
30a45b23,SPD Smith,Australia,Batsman,,
9ffd1ac1,T Bavuma,South Africa,Batsman,,
331ea488,UT Khawaja,Australia,Batsman,,
cfe70281,VD Philander,South Africa,Batsman,,
9b4935c8,CJ Ferguson,Australia,Batsman,,
087210b1,DJ Vilas,Unknown,Batsman,,
7a5f232a,JA Burns,Australia,Batsman,,
f048bb41,JM Mennie,Australia,Batsman,,
a9da7784,KJ Abbott,South Africa,Bowler,,
487c072e,MD Martell,Unknown,Unknown,,
bc773eeb,JM Bird,Australia,Bowler,,
afa7e784,MS Wade,Australia,Batsman,,
218d4d78,MT Renshaw,Australia,Batsman,,
44afbf2d,NJ Maddinson,Australia,Batsman,,
68304a36,P Wilson,Unknown,Unknown,,
ada15e88,PSP Handscomb,Australia,Batsman,,
a03bba42,T Shamsi,South Africa,Batsman,,
50250426,Asad Shafiq,Pakistan,Batsman,,
211de69f,Azhar Ali,Pakistan,Bowler,,
8a75e999,Babar Azam,Pakistan,Batsman,,
a9dfdf6c,IJ Gould,Unknown,Unknown,,
7eae4418,Misbah-ul-Haq,Pakistan,Batsman,,
e174dadd,Mohammad Amir,Pakistan,Bowler,,
20672246,RK Illingworth,Unknown,Unknown,,
766b5798,RS Madugalle,Unknown,Unknown,,
a63775d6,Rahat Ali,Pakistan,Bowler,,
9b9ee0df,S Ravi,Unknown,Unknown,,
96a2336e,Sami Aslam,Pakistan,Batsman,,
2254ab79,Sarfraz Ahmed,Pakistan,Batsman,,
b3118300,Wahab Riaz,Pakistan,Bowler,,
f2800ef3,Yasir Shah,Pakistan,Bowler,,
33cb3411,Younis Khan,Pakistan,Batsman,,
5af743d0,Sohail Khan,Pakistan,Batsman,,
ab965cad,HWR Cartwright,Australia,Batsman,,
2b0f2af3,Imran Khan,Pakistan,Bowler,,
2f26ac1a,Mohammad Rizwan,Unknown,Batsman,,
3540beff,SNJ O'Keefe,Australia,Bowler,,
193ef196,Sharjeel Khan,Pakistan,Batsman,,
6834d1f2,B Stanlake,Australia,Batsman,,
0f9d921b,C Shamshuddin,Unknown,Unknown,,
45eda7c8,CA Lynn,Australia,Batsman,,
d5ac41d8,CB Gaffaney,Unknown,Unknown,,
b681e71e,GJ Maxwell,Australia,Batsman,,
2911de16,Hasan Ali,Pakistan,Bowler,,
9cb8d7a6,Imad Wasim,Pakistan,Bowler,,
2e760301,JJ Crowe,Unknown,Unknown,,
808f425a,JP Faulkner,Australia,Batsman,,
9ab63e7b,Mohammad Hafeez,Pakistan,Bowler,,
3086f7a4,Mohammad Nawaz (3),Pakistan,Bowler,,
ded9240e,PJ Cummins,Australia,Batsman,,
12b610c2,TM Head,Australia,Batsman,,
fd2bf2a0,Umar Akmal,Pakistan,Batsman,,
086f5984,Junaid Khan,Pakistan,Bowler,,
64c34cd0,Shoaib Malik,Pakistan,Bowler,,
6b725ed1,SD Fry,Unknown,Unknown,,
14f96089,A Zampa,Australia,Bowler,,
b8d490fd,AJ Finch,Australia,Batsman,,
ff1e12a0,AJ Turner,Australia,Batsman,,
7c7d63a2,AJ Tye,Australia,Bowler,,
cfad138c,CK Kapugedera,Sri Lanka,Batsman,,
770494eb,DAS Gunaratne,Sri Lanka,Batsman,,
5a22d91c,EMDY Munaweera,Sri Lanka,Batsman,,
530b20e3,JRMVB Sanjaya,Sri Lanka,Bowler,,
469ea22b,KMDN Kulasekara,Sri Lanka,Bowler,,
b970a03f,M Klinger,Australia,Batsman,,
32198ae0,MC Henriques,Australia,Batsman,,
18aca3ce,MW Graham-Smith,Unknown,Unknown,,
45963d9e,N Dickwella,Sri Lanka,Batsman,,
79aad751,PADLR Sandakan,Sri Lanka,Bowler,,
f78e7113,S Prasanna,Sri Lanka,Bowler,,
a12e1d51,SL Malinga,Sri Lanka,Bowler,,
bf7842c9,TAM Siriwardana,Sri Lanka,Batsman,,
5748e866,TD Paine,Australia,Batsman,,
7ed9fd56,WU Tharanga,Sri Lanka,Batsman,,
5d1e7582,BKG Mendis,Sri Lanka,Batsman,,
272d796e,BR Dunk,Australia,Batsman,,
1ee08e9a,JA Richardson,Australia,Batsman,,
3ff033bb,MD Shanaka,Sri Lanka,Bowler,,
928670cc,BJ Watling,New Zealand,Batsman,,
af2c687b,C Munro,New Zealand,Batsman,,
94d7f855,C de Grandhomme,New Zealand,Bowler,,
a4af5528,GA Abood,Unknown,Unknown,,
5056011d,GJ Bailey,Australia,Batsman,,
323e4c16,HDPK Dharmasena,Unknown,Unknown,,
9219eff0,JDS Neesham,New Zealand,Bowler,,
d027ba9f,KS Williamson,New Zealand,Batsman,,
2f9d0389,LH Ferguson,New Zealand,Bowler,,
2be41edb,MJ Guptill,New Zealand,Batsman,,
e84ac20c,MJ Henry,New Zealand,Bowler,,
e4a0deae,MJ Santner,New Zealand,Bowler,,
410e2f12,RB Richardson,Unknown,Unknown,,
a818c1be,TA Boult,New Zealand,Bowler,,
e824e6ee,TWM Latham,New Zealand,Batsman,,
13c35c9e,TG Southee,New Zealand,Bowler,,
03521fd3,HM Nicholls,New Zealand,Batsman,,
b98cdbf0,AD Poynter,Leinster Lightning,Batsman,,
7ffe0ce3,AJ Neill,Unknown,Unknown,,
a2a0fa9a,C Dougherty,Northern Knights,Batsman,,
fd67a507,DI Joyce,Leinster Lightning,Batsman,,
49dfe4a4,EJ Richardson,Leinster Lightning,Bowler,,
c021553e,FP McAllister,Leinster Lightning,Batsman,,
bd48593c,GE Kidd,Northern Knights,Batsman,,
99cddc5e,GH Dockrell,Leinster Lightning,Bowler,,
6232e1ed,GJ McCarter,Northern Knights,Batsman,,
91f0792f,GJ Thompson,Northern Knights,Batsman,,
d5bbb6a2,J Anderson,Leinster Lightning,Batsman,,
75e774bd,J Holmes,Northern Knights,Batsman,,
64770caf,JB Tector,Unknown,Batsman,,
243431b5,KJ O'Brien,Leinster Lightning,Bowler,,
f3c786ea,LT Nelson,Northern Knights,Batsman,,
3f18724b,MC Sorensen,Leinster Lightning,Bowler,,
8c59e656,MT Ross,Unknown,Unknown,,
9018bf65,Mansoor Amjad,Northern Knights,Batsman,,
c5326dd0,NG Jones,Northern Knights,Batsman,,
547408c8,NL Smith,Northern Knights,Batsman,,
3c9b9153,PA Eakin,Northern Knights,Batsman,,
4aeeaa41,PS Eaglestone,Northern Knights,Batsman,,
0e9d839b,S Wijesundera,Unknown,Unknown,,
c9945bdf,Simi Singh,Leinster Lightning,Batsman,,
af28816c,TE Kane,Leinster Lightning,Bowler,,
92a9be81,Yaqoob Ali,Leinster Lightning,Bowler,,
e957b38f,AR McBrine,North-West Warriors,Bowler,,
ab859427,DA Rankin,North-West Warriors,Batsman,,
2e2fe3e8,DP Hyatt,North-West Warriors,Bowler,,
46f4a901,G McCrea,Unknown,Unknown,,
82038f80,J Barnes,North-West Warriors,Bowler,,
183d6eaa,J Robinson,North-West Warriors,Bowler,,
3979b5e0,L Tucker,Leinster Lightning,Batsman,,
7c18b36c,M Marais,North-West Warriors,Batsman,,
f9c9bd9e,N Dunn,Unknown,Unknown,,
a416c9c3,PA Reynolds,Unknown,Unknown,,
415e5c01,R Allen,North-West Warriors,Bowler,,
a124a56b,RL Dougherty,North-West Warriors,Batsman,,
82adf7b6,S Campbell,North-West Warriors,Bowler,,
7f87204d,SP Terry,Leinster Lightning,Batsman,,
7f3ad1ed,SR Thompson,North-West Warriors,Bowler,,
b16ddb79,W McClintock,North-West Warriors,Bowler,,
8b054bba,AP Gillespie,North-West Warriors,Batsman,,
862c0b16,Aidan Seaver,Unknown,Unknown,,
869093c3,O Williams,North-West Warriors,Batsman,,
8c2aa0f9,PKD Chase,Leinster Lightning,Bowler,,
3751641c,S Dutt,Unknown,Unknown,,
de43472d,SA Britton,North-West Warriors,Batsman,,
72b95896,A Dennison,Northern Knights,Batsman,,
c962d3a5,GKR McKinley,Northern Knights,Batsman,,
6b64e7a3,J Mulder,Northern Knights,Batsman,,
dec8e038,J Theron,Northern Knights,Batsman,,
6e161a33,JNK Shannon,Northern Knights,Batsman,,
84fa5232,Jareth McCready,Unknown,Unknown,,
3147131e,Nathan Smith,Northern Knights,Batsman,,
c8065f31,SC Getkate,Northern Knights,Batsman,,
4992d6f6,ST Doheny,Leinster Lightning,Batsman,,
7f92e0e7,A Austin,North-West Warriors,Batsman,,
51c90542,D Scanlon,North-West Warriors,Batsman,,
6572b117,M Berry,Northern Knights,Bowler,,
d938b9c8,M Gilmour,Northern Knights,Batsman,,
0c677650,Philip Thompson,Unknown,Unknown,,
156c8fb1,R Black,Unknown,Unknown,,
b4402d8a,R MacBeth,North-West Warriors,Batsman,,
67940f4e,RRG Blair,Unknown,Unknown,,
902b91d5,SM Bunting,Northern Knights,Bowler,,
f7ad4494,Jonathan Kennedy,Unknown,Unknown,,
f32d890a,PJ Malan,Northern Knights,Batsman,,
955e8e86,A Mgijima,Cape Cobras,Batsman,,
634b11ac,A Paleker,Unknown,Unknown,,
6fa3258c,AT Holdstock,Unknown,Unknown,,
7bb1331e,BP Jele,Unknown,Unknown,,
9ab2cc9b,C Tshiki,Cape Cobras,Batsman,,
462d7c62,D Paterson,Cape Cobras,Bowler,,
d7a57f75,D du Preez,Knights,Batsman,,
d67d5f00,DA Miller,Knights,Batsman,,
f8e6dbdd,DS Rosier,Knights,Batsman,,
e5437608,GF Linde,Cape Cobras,Bowler,,
91cd48e0,JF Smith,Cape Cobras,Batsman,,
55f33b32,JL Ontong,Cape Cobras,Batsman,,
a757b0d8,KA Pollard,Cape Cobras,Bowler,,
bf64dc29,KD Petersen,Cape Cobras,Batsman,,
58f01d47,LM Zuma,Knights,Bowler,,
d4eef961,M de Lange,Knights,Batsman,,
39181592,PE Kruger,Knights,Batsman,,
4025c262,PJ van Biljon,Knights,Batsman,,
18c78b11,RE Levi,Cape Cobras,Batsman,,
7955eb15,RK Kleinveldt,Cape Cobras,Bowler,,
13d0b3d6,RS Second,Knights,Batsman,,
6d9e5a54,S George,Unknown,Unknown,,
4146063f,SB Lambson,Unknown,Unknown,,
97b0e4ff,SC van Schalkwyk,Knights,Batsman,,
8e6827f7,T Ntuli,Knights,Bowler,,
36ea17c1,TL Moreki,Cape Cobras,Batsman,,
ed982dfa,TM Bodibe,Knights,Batsman,,
7f8ecc51,AM Phangiso,Lions,Bowler,,
9a2fc964,BC Fortuin,Lions,Batsman,,
aa8d28ae,D Wiese,Titans,Bowler,,
f66f5343,DA Hendricks,Lions,Batsman,,
a7bc76a0,E Leie,Lions,Bowler,,
dce2019b,F Behardien,Titans,Batsman,,
a316d663,GC Viljoen,Lions,Bowler,,
9c9f8dbc,H Davids,Titans,Batsman,,
235c2bb6,H Klaasen,Titans,Batsman,,
9948e262,HE van der Dussen,Lions,Batsman,,
ede05b97,HG Kuhn,Titans,Batsman,,
c3d35165,JA Morkel,Titans,Batsman,,
f834dcfc,L Ngidi,Titans,Bowler,,
8836fcac,M Mosehle,Lions,Batsman,,
52c0576c,MK McGillivray,Lions,Bowler,,
9d50c7e1,MP Siboto,Titans,Bowler,,
59a7fc89,MQ Adams,Titans,Batsman,,
055e8d7b,NJ van den Bergh,Lions,Batsman,,
c96f6ac5,PWA Mulder,Lions,Bowler,,
b8cc58c9,RR Hendricks,Lions,Batsman,,
ffd3fc37,S von Berg,Titans,Bowler,,
0827b38d,TG Mokoena,Titans,Batsman,,
f9607922,A Barnes,Unknown,Unknown,,
9df3a2f4,ACR Birch,Warriors,Bowler,,
ab6b1c45,AL Phehlukwayo,Dolphins,Batsman,,
1e182ae2,BD Walters,Warriors,Bowler,,
27ca3a11,C Chetty,Dolphins,Batsman,,
f25cebec,C Fortuin,Warriors,Batsman,,
a81d6706,C Jonker,Warriors,Batsman,,
c995d726,CA Ingram,Warriors,Batsman,,
26d9937d,CJ Alexander,Dolphins,Batsman,,
e734d090,CN Ackermann,Warriors,Bowler,,
afa78c3a,CS Delport,Dolphins,Batsman,,
d17bec15,DJ Smith,Unknown,Unknown,,
3516e46b,GH Pienaar,Unknown,Unknown,,
acee4cc4,Imran Tahir,Dolphins,Batsman,,
42172c3c,JT Smuts,Warriors,Bowler,,
9784fb60,K Nipper,Dolphins,Batsman,,
4aad78d3,K Zondo,Dolphins,Batsman,,
51355a30,LC Ngoepe,Warriors,Batsman,,
016e5101,M Shezi,Dolphins,Bowler,,
710dd98c,MN van Wyk,Dolphins,Batsman,,
8b248d88,R Frylinck,Dolphins,Batsman,,
2f873ad6,S Seyibokwe,Warriors,Batsman,,
8361e524,SSB Magala,Warriors,Bowler,,
179bea21,SSN Nqweni,Warriors,Bowler,,
890b877d,VB van Jaarsveld,Dolphins,Batsman,,
1cb14aa4,CJ Dala,Titans,Bowler,,
a6439076,J Wolhuter,Unknown,Unknown,,
b0419f8c,JD Cloete,Unknown,Unknown,,
d83d7796,MW Brown,Unknown,Unknown,,
abd541e6,NM Serame,Cape Cobras,Bowler,,
c0215bbd,CD Isaacs,Unknown,Unknown,,
a8e56914,D Olivier,Knights,Bowler,,
22b70cb8,LLL Sesele,Knights,Batsman,,
c1a1acf3,S Wadvalla,Unknown,Unknown,,
a833f99c,JD Vandiar,Titans,Batsman,,
39f01cdb,KP Pietersen,Dolphins,Batsman,,
d0db2e43,M Gqadushe,Dolphins,Bowler,,
7ec9711d,P Subrayen,Dolphins,Bowler,,
fdcfd4aa,Stephen Harris,Unknown,Unknown,,
1d105638,M Budaza,Knights,Bowler,,
01dc3ec0,P Botha,Knights,Bowler,,
23638956,SR Harmer,Unknown,Batsman,,
df5a6881,DP Conway,Lions,Batsman,,
04a5b56e,OA Ramela,Lions,Batsman,,
3a60e0b5,WD Parnell,Cape Cobras,Bowler,,
01698fee,Z Pongolo,Lions,Bowler,,
70d117de,A Jacobs,Unknown,Unknown,,
8b4c4069,D Govindjee,Unknown,Unknown,,
d9092a19,DJ White,Warriors,Batsman,,
d1305df0,AGS Gous,Knights,Batsman,,
4fbfa544,MS Jansen,Unknown,Unknown,,
a467273e,RJ Engelbrecht,Dolphins,Bowler,,
90d6cdea,TB de Bruyn,Knights,Batsman,,
6a26221c,AK Markram,Titans,Batsman,,
b56dc5f7,BE Hendricks,Cape Cobras,Unknown,,
537f5ab2,DL Piedt,Titans,Unknown,,
27880adb,RN Birkenstock,Unknown,Unknown,,
92edb363,RN Hendricks,Unknown,Unknown,,
c50bfbc2,A Myoli,Lions,Bowler,,
66c21d35,BM White,Unknown,Unknown,,
93a6d2d0,PJ Vosloo,Unknown,Unknown,,
a83c44b8,A Gqamane,Warriors,Batsman,,
cba5185d,AR Swanepoel,Knights,Batsman,,
02ba88e3,LB Gcuma,Unknown,Unknown,,
11614d87,D Pretorius,Lions,Batsman,,
6e6fb538,JL du Plooy,Knights,Batsman,,
b847829f,LL Mnyanda,Knights,Batsman,,
704af8eb,MN Erlank,Knights,Batsman,,
3bf40832,GL Cloete,Warriors,Batsman,,
89c62cf5,A Steenkamp,Unknown,Unknown,,
7bc29ffb,CA Dry,Knights,Batsman,,
1b42a100,BS Makhanya,Dolphins,Bowler,,
bec17912,LJ Willemse,Unknown,Unknown,,
72e60730,A Vala,Papua New Guinea,Batsman,,
e85d03d6,BM Scholtz,Namibia,Bowler,,
8dc305e7,C Peake,Namibia,Bowler,,
9920dd86,CA Soper,Papua New Guinea,Batsman,,
e16e7347,CG Williams,Namibia,Batsman,,
448f4f1c,CM Brown,Unknown,Unknown,,
9db20c92,D Bau,Papua New Guinea,Batsman,,
915264c2,HN Ya France,Namibia,Bowler,,
6a685375,JB Reva,Papua New Guinea,Batsman,,
bb134e5c,JJ Smit,Namibia,Bowler,,
9f308dfc,JP Kotze,Namibia,Batsman,,
48a506ab,L Oala,Unknown,Unknown,,
6b4593ee,L Siaka,Papua New Guinea,Batsman,,
5be810ba,MD Dai,Papua New Guinea,Batsman,,
a36915ce,N Vanua,Papua New Guinea,Batsman,,
47e20f64,NRP Scholtz,Namibia,Bowler,,
9a95bebb,S Bau,Papua New Guinea,Batsman,,
9ff7f691,SF Burger,Namibia,Bowler,,
e8511411,SJ Baard,Namibia,Bowler,,
800187dc,SR Bernard,Unknown,Unknown,,
a82eb3fb,TP Ura,Papua New Guinea,Batsman,,
e64c10dd,VV Morea,Papua New Guinea,Batsman,,
094942b3,W van Vuuren,Namibia,Batsman,,
7516045a,WT Gavera,Papua New Guinea,Batsman,,
8716233e,ZE Green,Namibia,Batsman,,
7c9c0f18,A Kapa,Unknown,Unknown,,
5af592d2,G Snyman,Namibia,Batsman,,
3c87f0c3,JN Frylinck,Namibia,Bowler,,
defd49f6,AK Mandal,Nepal,Batsman,,
96503059,Ahsan Malik,Netherlands,Unknown,,
82342b13,B Bhandari,Nepal,Batsman,,
98d05440,B Regmi,Nepal,Batsman,,
634a7b21,BN Cooper,Netherlands,Batsman,,
7c215d14,DT Jukes,Unknown,Unknown,,
b2e1d224,G Malla,Nepal,Batsman,,
6e9d5add,HKG Jansen,Unknown,Unknown,,
f53b3e1d,Karan KC,Nepal,Batsman,,
3e285c0a,MA Din,Unknown,Unknown,,
b03db6fa,MJG Rippon,Netherlands,Bowler,,
37312a74,Mudassar Bukhari,Netherlands,Bowler,,
12c3ba4d,P Khadka,Nepal,Batsman,,
4557dc54,PA van Meekeren,Netherlands,Bowler,,
abbdca1a,PM Seelaar,Netherlands,Unknown,,
ee3ad356,R Rijal,Nepal,Batsman,,
05c2ca46,RE van der Merwe,Netherlands,Bowler,,
b410bd3d,S Lamichhane,Nepal,Batsman,,
3de06845,S Vesawkar,Nepal,Batsman,,
18261c22,SJ Myburgh,Netherlands,Batsman,,
3c4007d3,Sagar Pun,Nepal,Batsman,,
1adb8ee8,Sompal Kami,Nepal,Batsman,,
d99cc23a,T van der Gugten,Netherlands,Bowler,,
20f4a109,TGJ Gruijters,Netherlands,Unknown,,
0d677597,W Barresi,Netherlands,Batsman,,
7081491e,AA Obanda,Kenya,Batsman,,
f6c2659d,Aizaz Khan,Hong Kong,Bowler,,
552b228c,Anshuman Rath,Hong Kong,Batsman,,
fbb657bb,Babar Hayat,Hong Kong,Batsman,,
1e25b5bf,C Carter,Hong Kong,Batsman,,
5680f1ad,CO Obuya,Kenya,Batsman,,
45994517,D Odhiambo,Unknown,Unknown,,
9048c17e,DM Gondaria,Kenya,Batsman,,
d3851cd8,Ehsan Khan,Hong Kong,Bowler,,
31865a5b,Gurdeep Singh,Kenya,Batsman,,
ca92a578,IA Karim,Kenya,Batsman,,
d5ae21a2,KD Shah,Hong Kong,Batsman,,
eb4f9c61,LN Oluoch,Kenya,Bowler,,
c6e10e5c,NK Patel,Kenya,Bowler,,
c07a1f41,NM Odhiambo,Kenya,Bowler,,
753b5a2d,NN Odhiambo,Kenya,Bowler,,
023f6b02,Nadeem Ahmed,Hong Kong,Bowler,,
e3eb9e46,Nizakat Khan,Hong Kong,Batsman,,
f3c22863,R D'Mello,Unknown,Unknown,,
7fa6bd8e,RR Patel,Kenya,Bowler,,
49118dc7,SO Ngoche,Kenya,Bowler,,
2cc08c3c,Shahid Wasif,Hong Kong,Batsman,,
571f11e4,Tanveer Ahmed,Hong Kong,Bowler,,
5f5ca1a7,Tanwir Afzal,Hong Kong,Bowler,,
e9a870ed,AC Evans,Scotland,Bowler,,
469ccead,CB Sole,Scotland,Bowler,,
7b5c6c0b,CD Wallace,Scotland,Batsman,,
e6d298e8,CD de Lange,Scotland,Batsman,,
9c376401,CS MacLeod,Scotland,Batsman,,
e6789a88,DA Haggo,Unknown,Unknown,,
1ace56d4,GO Brathwaite,Unknown,Unknown,,
33cb7803,IN Ramage,Unknown,Unknown,,
85d8110a,KJ Coetzer,Scotland,Batsman,,
8b261d84,MH Cross,Scotland,Batsman,,
1252f71a,MRJ Watt,Scotland,Bowler,,
a56f4b65,PL Mommsen,Scotland,Batsman,,
e21bc7f3,RD Berrington,Scotland,Batsman,,
f43dd8c2,SM Sharif,Scotland,Batsman,,
35971419,Waqas Khan,Hong Kong,Batsman,,
28131839,MA Leask,Scotland,Batsman,,
f06852e3,AJT Dowdalls,Unknown,Unknown,,
bd0a4a7d,CA Young,Ireland,Bowler,,
70456281,Ehsan Nawaz,Hong Kong,Unknown,,
9061a703,J Little,Ireland,Bowler,,
ec02b798,WTS Porterfield,Ireland,Batsman,,
9f0270e0,AG Cremer,Zimbabwe,Batsman,,
2e171977,AR Patel,India,Bowler,,
70d205c9,AT Rayudu,India,Batsman,,
d8b2f218,BB Sran,India,Bowler,,
f32dbc84,CJ Chibhabha,Zimbabwe,Batsman,,
c96311d4,CR Ervine,Zimbabwe,Batsman,,
d2a989fc,DS Kulkarni,India,Bowler,,
d2babdd5,E Chigumbura,Zimbabwe,Batsman,,
c15e2193,FY Fazal,Unknown,Batsman,,
31fbf891,H Masakadza,Zimbabwe,Batsman,,
5e39110e,I Chabi,Unknown,Unknown,,
462411b3,JJ Bumrah,India,Bowler,,
944533a5,KK Nair,India,Batsman,,
b17e2f24,KL Rahul,India,Batsman,,
99d63244,KM Jadhav,India,Batsman,,
93b4fc78,MK Pandey,India,Batsman,,
4a8a2e3b,MS Dhoni,India,Batsman,,
a1d3540a,PJ Moor,Zimbabwe,Batsman,,
5fef85ee,R Mutumbami,Zimbabwe,Batsman,,
89087a0d,RB Tiffin,Unknown,Unknown,,
26d041c4,Sikandar Raza,Zimbabwe,Batsman,,
a945bb28,T Muzarabani,Zimbabwe,Batsman,,
4a3132b1,TJ Matibiri,Unknown,Unknown,,
5bbabe59,TL Chatara,Zimbabwe,Batsman,,
0fdabe05,V Sibanda,Zimbabwe,Batsman,,
57ee1fde,YS Chahal,India,Bowler,,
6a4734ae,L Rusere,Unknown,Unknown,,
6345307f,O Chirombe,Unknown,Unknown,,
afe57f7a,SC Williams,Zimbabwe,Batsman,,
dbfb8218,DT Tiripano,Zimbabwe,Batsman,,
ec4dada1,MN Waller,Zimbabwe,Batsman,,
4a36c370,N Madziva,Zimbabwe,Batsman,,
f55c526f,T Maruma,Zimbabwe,Batsman,,
21bf71ab,T Mupariwa,Zimbabwe,Batsman,,
26f12506,CT Mutombodzi,Zimbabwe,Batsman,,
1e66c162,JD Unadkat,India,Bowler,,
c3a96caf,Mandeep Singh,India,Batsman,,
26a85969,R Dhawan,India,Bowler,,
856228d3,S Rwaziyeni,Unknown,Unknown,,
4bc0a378,WP Masakadza,Unknown,Unknown,,
1bae756b,ADS Fletcher,St Lucia Zouks,Batsman,,
b0946605,AS Joseph,St Kitts and Nevis Patriots,Bowler,,
b57f8a9a,BJ Hodge,St Kitts and Nevis Patriots,Batsman,,
08a4f9ad,DC Thomas,St Kitts and Nevis Patriots,Batsman,,
c0babb93,DE Johnson,St Lucia Zouks,Batsman,,
c03c6200,DJG Sammy,St Lucia Zouks,Batsman,,
5cbeeb02,Denavon Hayles,Unknown,Unknown,,
0ebfb1ad,E Lewis,St Kitts and Nevis Patriots,Batsman,,
09a9d073,J Charles,St Lucia Zouks,Batsman,,
4180d897,JE Taylor,St Lucia Zouks,Bowler,,
0a9d8b61,JL Carter,St Kitts and Nevis Patriots,Bowler,,
fb496f7a,K Lesporis,St Lucia Zouks,Batsman,,
531f0278,K Santokie,St Kitts and Nevis Patriots,Bowler,,
89f64c19,LMP Simmons,St Kitts and Nevis Patriots,Batsman,,
5bb5a915,M Morkel,St Lucia Zouks,Bowler,,
48fd7349,MEK Hussey,St Lucia Zouks,Batsman,,
25bcf808,PA Gustard,Unknown,Unknown,,
76388dc8,S Badree,St Kitts and Nevis Patriots,Bowler,,
d76b0d2d,S Shillingford,St Lucia Zouks,Batsman,,
4329fbb5,SR Watson,St Lucia Zouks,Batsman,,
a1d053dd,SS Cottrell,St Kitts and Nevis Patriots,Bowler,,
ca6bf044,Zahid Bassarath,Unknown,Unknown,,
eca0c288,A Bramble,Guyana Amazon Warriors,Batsman,,
35205dfc,DR Smith,Guyana Amazon Warriors,Batsman,,
c03449e0,GD Elliott,St Lucia Zouks,Batsman,,
773cec26,JN Mohammed,Guyana Amazon Warriors,Batsman,,
73c18486,KR Mayers,St Lucia Zouks,Bowler,,
df60a57a,O Peters,Guyana Amazon Warriors,Unknown,,
e7de4f6b,RR Emrit,Guyana Amazon Warriors,Batsman,,
48a1d7b7,SO Hetmyer,Guyana Amazon Warriors,Batsman,,
64d43928,Sohail Tanvir,Guyana Amazon Warriors,Bowler,,
78dfe704,V Permaul,Guyana Amazon Warriors,Bowler,,
ed90abe4,AP Devcich,Trinbago Knight Riders,Bowler,,
b8a55852,BB McCullum,Trinbago Knight Riders,Batsman,,
d1523761,D Ramdin,Trinbago Knight Riders,Batsman,,
87e562a9,DJ Bravo,Trinbago Knight Riders,Bowler,,
557153ca,KK Cooper,Trinbago Knight Riders,Bowler,,
ea3ffd1b,NO Miller,Trinbago Knight Riders,Bowler,,
684a56df,RR Beaton,Trinbago Knight Riders,Bowler,,
9d430b40,SP Narine,Trinbago Knight Riders,Bowler,,
1920c721,WKD Perkins,Trinbago Knight Riders,Batsman,,
4d1ec7eb,A Nao,Papua New Guinea,Bowler,,
4d84ad05,CJA Amini,Papua New Guinea,Batsman,,
c57fa67e,E Otieno,Kenya,Batsman,,
3e326efc,JNT Vare,Papua New Guinea,Batsman,,
0939c670,MA Ouma,Kenya,Batsman,,
6cedad99,EB Ringera,Kenya,Bowler,,
87a92b6b,N Pokana,Papua New Guinea,Bowler,,
db1bf9c2,RN Patel,Kenya,Batsman,,
0d51e658,CD Barnwell,Guyana Amazon Warriors,Batsman,,
511299c1,JD Ward,Unknown,Unknown,,
5dee559a,LS Reifer,Unknown,Unknown,,
925d2e93,PJ Nero,Unknown,Unknown,,
36d33dd0,RR Sarwan,Trinbago Knight Riders,Unknown,,
4b9184fd,S Crawford,Unknown,Unknown,,
f8cdc4d7,SA Jacobs,Guyana Amazon Warriors,Bowler,,
364ee2cf,SJ Benn,Trinbago Knight Riders,Bowler,,
78bb68d4,Y Cariah,Trinbago Knight Riders,Unknown,,
c4487b84,AB de Villiers,Barbados Tridents,Batsman,,
fb0d68b4,AI Ross,Jamaica Tallawahs,Batsman,,
4d7f517e,AJ Hosein,Barbados Tridents,Bowler,,
7f148ce7,AM McCarthy,Jamaica Tallawahs,Batsman,,
bbff906c,CAK Walton,Jamaica Tallawahs,Batsman,,
db584dad,CH Gayle,Jamaica Tallawahs,Batsman,,
b67bfaae,GE Mathurin,Jamaica Tallawahs,Bowler,,
2ae01eb0,I Khan,Barbados Tridents,Bowler,,
2b85c8e6,JL Jaggesar,Jamaica Tallawahs,Bowler,,
ef9a3298,Jonathan Blades,Unknown,Unknown,,
6b71e6cf,KC Sangakkara,Jamaica Tallawahs,Batsman,,
78cb83f3,KOK Williams,Jamaica Tallawahs,Bowler,,
3241e3fd,N Pooran,Barbados Tridents,Batsman,,
650d5e49,R Powell,Jamaica Tallawahs,Batsman,,
d68e7f48,R Rampaul,Barbados Tridents,Bowler,,
d7725664,RA Reifer,Barbados Tridents,Batsman,,
a9231c3f,SR Taylor,Barbados Tridents,Batsman,,
7dc35884,Shakib Al Hasan,Jamaica Tallawahs,Batsman,,
e012ad13,KOA Powell,St Kitts and Nevis Patriots,Batsman,,
16edfe47,ND Stewart,Barbados Tridents,Bowler,,
26ff4c29,RJ Peterson,Barbados Tridents,Bowler,,
74b02e0c,DYA Davis,St Lucia Zouks,Bowler,,
c59d8f8a,KA Hope,Barbados Tridents,Batsman,,
bbd41817,AD Russell,Jamaica Tallawahs,Bowler,,
b0eaaac6,Ali Khan,Guyana Amazon Warriors,Bowler,,
6e1a8b04,Verdayne Smith,Unknown,Unknown,,
a541fc41,CO Wright,Unknown,Unknown,,
977b841a,SSJ Brooks,St Kitts and Nevis Patriots,Batsman,,
30baaf1f,TP Allen,Jamaica Tallawahs,Batsman,,
4a745f65,AR Nurse,Barbados Tridents,Batsman,,
f8fd6e3f,Ahmed Shehzad,Barbados Tridents,Batsman,,
d6a7dd38,BC Broad,Unknown,Unknown,,
5fbe14fc,Imrul Kayes,Bangladesh,Batsman,,
0fa5042b,L Ronchi,New Zealand,Batsman,,
bf1d7d3e,Mahmudullah,Bangladesh,Batsman,,
e186f49c,Mashrafe Mortaza,Bangladesh,Bowler,,
8919756f,Mosaddek Hossain,Bangladesh,Bowler,,
a94e08ea,Mushfiqur Rahim,Bangladesh,Batsman,,
0a8fce53,Mustafizur Rahman,Bangladesh,Bowler,,
a354c917,NT Broom,New Zealand,Batsman,,
c9354f29,PR Reiffel,Unknown,Unknown,,
7147f314,Sabbir Rahman,Bangladesh,Batsman,,
4d9f9686,Soumya Sarkar,Bangladesh,Bowler,,
3b041a12,Tamim Iqbal,Bangladesh,Batsman,,
ef18b66e,Taskin Ahmed,Bangladesh,Bowler,,
63cbf8d8,WR Knights,Unknown,Unknown,,
d365d463,Nurul Hasan,Bangladesh,Batsman,,
a3a078ba,Subashis Roy,Bangladesh,Bowler,,
24104e5c,Tanbir Hayder,Bangladesh,Bowler,,
f5821615,JS Patel,New Zealand,Bowler,,
1a1f45a4,AL Gillies,Unknown,Unknown,,
397f4d3a,BM Wheeler,New Zealand,Bowler,,
8abdf100,CJ Anderson,New Zealand,Batsman,,
f56cd097,Rubel Hossain,Bangladesh,Batsman,,
811655b3,SB Haig,Unknown,Unknown,,
f92c9151,TC Bruce,New Zealand,Batsman,,
641ac5ff,IS Sodhi,New Zealand,Bowler,,
21e5f325,TA Blundell,New Zealand,Batsman,,
bad31fac,J Srinath,Unknown,Unknown,,
5f966ec0,JA Raval,New Zealand,Batsman,,
f7e9a562,Kamrul Islam Rabbi,Bangladesh,Batsman,,
b61a3e1a,LRPL Taylor,New Zealand,Batsman,,
15d3c895,M Erasmus,Unknown,Unknown,,
c58b0108,Mehedi Hasan Miraz,Bangladesh,Batsman,,
de0a3209,Mominul Haque,Bangladesh,Batsman,,
78adc879,N Wagner,New Zealand,Bowler,,
1274d7ab,Nazmul Hossain Shanto,Bangladesh,Batsman,,
9d1d34bd,Taijul Islam,Unknown,Bowler,,
383dd431,TD Astle,New Zealand,Batsman,,
d9273ee7,MP Stoinis,Australia,Bowler,,
4339c19d,RSA Palliyaguruge,Unknown,Unknown,,
e00a9155,SD Heazlett,Australia,Batsman,,
22bd731a,DG Brownlie,New Zealand,Batsman,,
fb66ce1f,CH Morris,South Africa,Batsman,,
9a46c4e5,GD Phillips,New Zealand,Batsman,,
d7f3b72f,JS Wilson,Unknown,Unknown,,
c1add349,BNJ Oxenford,Unknown,Unknown,,
e79a1fe3,DC Boon,Unknown,Unknown,,
38810cfc,RJ Tucker,Unknown,Unknown,,
92aeac25,AD Hales,England,Batsman,,
e087956b,BA Stokes,England,Bowler,,
4c5d73db,CR Woakes,England,Bowler,,
d2a6c0e6,EJG Morgan,England,Batsman,,
99b75528,JC Buttler,England,Batsman,,
a343262c,JE Root,England,Bowler,,
d1c36f5c,JJ Roy,England,Batsman,,
abb83e27,JM Bairstow,Unknown,Batsman,,
3d0ed2f9,JT Ball,England,Bowler,,
9a963804,LE Plunkett,England,Bowler,,
8d92a2c3,MA Wood,England,Bowler,,
bb351c23,MM Ali,England,Bowler,,
0f348f58,Sunzamul Islam,Unknown,Bowler,,
350bb1b1,AF Milne,New Zealand,Batsman,,
012829ff,JW Hastings,Australia,Bowler,,
8dd02a98,LD Chandimal,Sri Lanka,Batsman,,
f21043a5,MDKJ Perera,Sri Lanka,Batsman,,
2af838ee,N Pradeep,Sri Lanka,Bowler,,
2f28dc94,RAS Lakmal,Sri Lanka,Bowler,,
2e81a32d,B Kumar,India,Bowler,,
dbe50b21,HH Pandya,India,Batsman,,
fe93fd9d,RA Jadeja,India,Bowler,,
740742ef,RG Sharma,India,Batsman,,
0a476045,S Dhawan,India,Batsman,,
9de62878,Shadab Khan,Pakistan,Bowler,,
cc1e8c68,UT Yadav,India,Bowler,,
ba607b88,V Kohli,India,Batsman,,
1c914163,Yuvraj Singh,India,Batsman,,
249d60c9,AU Rashid,England,Batsman,,
1777c020,Fakhar Zaman,Pakistan,Batsman,,
896d78ad,AD Mathews,Sri Lanka,Batsman,,
509a7ca1,MD Gunathilaka,Sri Lanka,Bowler,,
0f12f9df,NLTC Perera,Sri Lanka,Bowler,,
495d42a5,R Ashwin,India,Bowler,,
7d608e12,DM de Silva,Sri Lanka,Batsman,,
bd4ea627,Faheem Ashraf,Pakistan,Bowler,,
1c790f4f,Rumman Raees,Pakistan,Bowler,,
6b19d823,A Mishra,India,Batsman,,
29e95537,AM Rahane,India,Batsman,,
d4f9dbd4,CA Pujara,India,Batsman,,
e342e5fb,CR Brathwaite,West Indies,Bowler,,
7a80ddf2,D Bishoo,West Indies,Bowler,,
14b14cd8,DM Bravo,West Indies,Batsman,,
5bb1a1c4,I Sharma,India,Bowler,,
c3b93a03,J Blackwood,West Indies,Batsman,,
0f721006,JO Holder,West Indies,Bowler,,
7d5af2ea,KC Brathwaite,West Indies,Bowler,,
4b57e452,M Vijay,India,Batsman,,
f846de6a,MN Samuels,West Indies,Batsman,,
8cf9814c,Mohammed Shami,India,Batsman,,
64495506,N Duguid,Unknown,Unknown,,
0ef64bba,R Chandrika,West Indies,Batsman,,
3feda4fa,RL Chase,West Indies,Bowler,,
dc2f959a,SO Dowrich,West Indies,Batsman,,
d9609443,ST Gabriel,West Indies,Bowler,,
fe11caa6,WP Saha,India,Batsman,,
92aa28fe,ML Cummins,West Indies,Batsman,,
b8f3362a,LR Johnson,West Indies,Batsman,,
e1b9f3a9,BJ Dwarshuis,Sydney Sixers,Bowler,,
b0c772ee,BJ Haddin,Sydney Sixers,Batsman,,
27af6414,BJ Rohrer,Sydney Thunder,Batsman,,
19b9f399,CJ Green,Sydney Thunder,Batsman,,
94eac556,CJ McKay,Sydney Thunder,Batsman,,
45c2196c,DE Bollinger,Sydney Sixers,Bowler,,
f3982af9,DP Hughes,Sydney Sixers,Batsman,,
22ae3041,Fawad Ahmed,Sydney Thunder,Bowler,,
1558d83b,GS Sandhu,Sydney Thunder,Batsman,,
7c503806,J Botha,Sydney Sixers,Bowler,,
9cebb612,JR Doran,Sydney Thunder,Batsman,,
e3bf8356,KR Patterson,Sydney Thunder,Batsman,,
3e253a50,PJ Gillespie,Unknown,Unknown,,
c1ca6df3,PL Marshall,Unknown,Unknown,,
50636767,RJ Gibson,Sydney Thunder,Batsman,,
1a2676c5,SA Abbott,Sydney Sixers,Bowler,,
680b8cbf,SA Lightbody,Unknown,Unknown,,
c16d4035,SW Billings,Sydney Sixers,Batsman,,
b2a79f17,B Laughlin,Adelaide Strikers,Bowler,,
2e11c706,BCJ Cutting,Brisbane Heat,Batsman,,
ffe699c0,CJ Jordan,Adelaide Strikers,Bowler,,
4c47ebf2,GC Joshua,Unknown,Unknown,,
edc7ddb6,J Weatherald,Adelaide Strikers,Batsman,,
f1c61793,JD Wildermuth,Brisbane Heat,Bowler,,
2b55c3b4,JJ Peirson,Brisbane Heat,Batsman,,
79765f6f,JS Floros,Brisbane Heat,Bowler,,
c96a215f,JS Lehmann,Adelaide Strikers,Batsman,,
dfc4d8b5,KW Richardson,Adelaide Strikers,Bowler,,
021223ce,L Uthenwoldt,Unknown,Unknown,,
5456bd0c,LN O'Connor,Adelaide Strikers,Bowler,,
0164b064,MG Neser,Adelaide Strikers,Bowler,,
86b4bf88,MJ Swepson,Brisbane Heat,Bowler,,
903560ed,MT Steketee,Brisbane Heat,Bowler,,
689f2eed,SAJ Craig,Unknown,Unknown,,
4ba2c04d,AJ Nair,Sydney Thunder,Batsman,,
d0513f63,CL White,Melbourne Renegades,Batsman,,
96824e68,CP Tremain,Melbourne Renegades,Batsman,,
0ec08b27,DJ Harper,Unknown,Unknown,,
f708a0bc,GB Hogg,Melbourne Renegades,Bowler,,
d60a26db,K White,Unknown,Unknown,,
9e85455c,MS Harris,Melbourne Renegades,Batsman,,
6042bf26,NJ Rimmington,Melbourne Renegades,Bowler,,
f552dfcb,S Brne,Unknown,Unknown,,
2318ba22,TLW Cooper,Melbourne Renegades,Batsman,,
de412f40,AK Wilds,Unknown,Unknown,,
7517d134,CA Rose,Hobart Hurricanes,Bowler,,
51a60c16,CJ Boyce,Hobart Hurricanes,Batsman,,
1a156c88,DJM Short,Hobart Hurricanes,Batsman,,
9815de17,DP Michael,Hobart Hurricanes,Batsman,,
2a2e6343,DT Christian,Hobart Hurricanes,Batsman,,
c89e4c9f,HP Kingston,Hobart Hurricanes,Batsman,,
7a6dc294,JC Silk,Sydney Sixers,Batsman,,
eba6a852,SCJ Broad,Hobart Hurricanes,Bowler,,
addfb70e,SW Tait,Hobart Hurricanes,Bowler,,
a2421394,AC Agar,Perth Scorchers,Batsman,,
a67aa9df,AJ Barrow,Unknown,Unknown,,
dcfe6cdd,D Talalla,Unknown,Unknown,,
7f048519,DJ Willey,Perth Scorchers,Batsman,,
31ad5973,GJ Davidson,Unknown,Unknown,,
33155d1b,IR Bell,Perth Scorchers,Batsman,,
f5180fe6,MG Johnson,Perth Scorchers,Bowler,,
ce274b6a,NR Johnstone,Unknown,Unknown,,
f4427cc6,SM Whiteman,Perth Scorchers,Batsman,,
f3171936,BW Hilfenhaus,Melbourne Stars,Bowler,,
fd835ab3,DJ Hussey,Melbourne Stars,Batsman,,
4cae2b0c,DR Close,Unknown,Unknown,,
cca50cd6,LJ Wright,Melbourne Stars,Batsman,,
f60dc2a5,MA Beer,Melbourne Stars,Bowler,,
23ac69e6,RJ Quiney,Melbourne Stars,Batsman,,
a756e61a,SB Harper,Melbourne Stars,Batsman,,
d167edd3,SM Boland,Melbourne Stars,Bowler,,
f54c8804,RGL Carters,Sydney Sixers,Batsman,,
74a1c1e3,WER Somerville,Sydney Sixers,Bowler,,
2199afd4,DB Mealey,Unknown,Unknown,,
7239b60d,CAH Stevenson,Unknown,Unknown,,
464daf41,D Brigham,Unknown,Unknown,,
8bdac857,JW Wells,Hobart Hurricanes,Batsman,,
68664af7,C Thomas,Unknown,Unknown,,
a0f612b6,TD Andrews,Adelaide Strikers,Batsman,,
9b4fc7b9,D Ireland,Unknown,Unknown,,
e01b6c44,TL Lawford,Melbourne Renegades,Batsman,,
8820c9ef,JS Lenton,Sydney Thunder,Batsman,,
56b93d46,BJ Webster,Hobart Hurricanes,Bowler,,
26a360d2,CA Polosak,Unknown,Unknown,,
97188292,JR Dean,Adelaide Strikers,Batsman,,
479f9b04,S Milenko,Hobart Hurricanes,Bowler,,
36eafb02,AJ Doolan,Unknown,Unknown,,
055be93a,HTRY Thornton,Sydney Sixers,Bowler,,
6f06b264,MS Branch,Unknown,Unknown,,
9a211e08,ND Buchanan,Brisbane Heat,Batsman,,
85489579,RW Stratford,Unknown,Unknown,,
1efb8a28,AC Blizzard,Sydney Thunder,Batsman,,
f7e8ee52,BC Treloar,Unknown,Unknown,,
bfe1c25f,J Hewitt,Unknown,Unknown,,
c7bdb5b5,NJ Reardon,Brisbane Heat,Batsman,,
f752db61,JL Pattinson,Melbourne Renegades,Bowler,,
c41043e6,BR McDermott,Hobart Hurricanes,Batsman,,
d3533ba5,DJ Shepard,Unknown,Unknown,,
a15618fe,JM Vince,Sydney Thunder,Batsman,,
11df3dc8,MJ Lumb,Sydney Sixers,Batsman,,
a90e53ec,MW Short,Melbourne Renegades,Batsman,,
bbce4647,EP Gulbis,Melbourne Stars,Batsman,,
b816c2a5,KR Smith,Adelaide Strikers,Batsman,,
a5b71472,L Bowe,Melbourne Stars,Bowler,,
c3f7898b,TP Ludeman,Adelaide Strikers,Batsman,,
15de1f5d,WA Agar,Adelaide Strikers,Batsman,,
399b0b94,CT Bancroft,Perth Scorchers,Batsman,,
b940a2b2,D Taylor,Unknown,Unknown,,
245c97cb,TS Mills,Brisbane Heat,Bowler,,
58043739,TT Bresnan,Perth Scorchers,Bowler,,
a8ad6e80,JK Reed,Hobart Hurricanes,Bowler,,
e7dd5eca,SL Rainbird,Hobart Hurricanes,Bowler,,
502b2c81,XJ Doherty,Melbourne Renegades,Bowler,,
6d10c034,DM Koch,Unknown,Unknown,,
519c30cb,CJ Gannon,Melbourne Stars,Bowler,,
4ba47d5a,C Kemp,Unknown,Unknown,,
fa433be6,M Labuschagne,Brisbane Heat,Batsman,,
9a0e4ca5,SE Gotch,Melbourne Stars,Batsman,,
69d03465,AT Carey,Adelaide Strikers,Batsman,,
cf4e0e15,AG Harriott,Melbourne Renegades,Unknown,,
208f22ea,DJ Worrall,Melbourne Stars,Batsman,,
99e26cea,A Price,Adelaide Strikers,Batsman,,
9b3bcca4,A Wellington,Adelaide Strikers,Batsman,,
7dfbcfff,BE Patterson,Adelaide Strikers,Batsman,,
d4188b60,CM Edwards,Adelaide Strikers,Batsman,,
a139c379,DN Wyatt,Melbourne Renegades,Bowler,,
f0b4e47d,G Wareham,Melbourne Renegades,Batsman,,
72166006,GM Harris,Melbourne Renegades,Batsman,,
b9e15440,KL Britt,Melbourne Renegades,Batsman,,
60471339,LMM Tahuhu,Melbourne Renegades,Bowler,,
78bec461,M Brown,Melbourne Renegades,Batsman,,
f57d5dbb,M Strano,Melbourne Renegades,Bowler,,
17608a6f,ML Schutt,Adelaide Strikers,Batsman,,
29ed56ec,NA Plane,Melbourne Renegades,Batsman,,
4241dc19,NM Goodwin,Melbourne Renegades,Bowler,,
e6f0408a,RH Priest,Melbourne Renegades,Batsman,,
99e23670,S Molineux,Melbourne Renegades,Bowler,,
3032933c,S Nitschke,Adelaide Strikers,Batsman,,
de69af96,SFM Devine,Adelaide Strikers,Batsman,,
a5f488bc,SJ Coyte,Adelaide Strikers,Batsman,,
595e1ee7,TJ McPharlin,Adelaide Strikers,Batsman,,
ca5acfa4,TM McGrath,Adelaide Strikers,Batsman,,
b2664905,TT Beaumont,Adelaide Strikers,Batsman,,
c631b3f7,WD Hendricks,Unknown,Unknown,,
ece549e3,G Stubbings,Unknown,Unknown,,
2a96701e,GE Reed,Unknown,Unknown,,
97e5350a,Marc Nickl,Unknown,Unknown,,
72b7ed1e,AE Satterthwaite,Hobart Hurricanes,Bowler,,
df04fc4f,B Hepburn,Hobart Hurricanes,Bowler,,
276f3dde,C Piparo,Perth Scorchers,Batsman,,
6026e2ae,CL Hall,Hobart Hurricanes,Batsman,,
d2abb394,E Biss,Perth Scorchers,Bowler,,
a7c3c366,E Thompson,Hobart Hurricanes,Batsman,,
2e0b6638,EA Burns,Hobart Hurricanes,Batsman,,
cde96d97,EJ Villani,Perth Scorchers,Batsman,,
2708b41c,EL King,Perth Scorchers,Bowler,,
324b9eee,G Redmayne,Hobart Hurricanes,Batsman,,
99812d10,H Graham,Perth Scorchers,Batsman,,
4ba0289e,HC Knight,Hobart Hurricanes,Batsman,,
d32cf49a,HK Matthews,Hobart Hurricanes,Bowler,,
0d19fa13,K Fryett,Hobart Hurricanes,Bowler,,
6a434bd3,KH Brunt,Perth Scorchers,Batsman,,
884375bf,LK Ebsary,Perth Scorchers,Batsman,,
90eb1818,M Banting,Perth Scorchers,Unknown,,
dd883071,NE Bolton,Perth Scorchers,Batsman,,
e149d0ae,RL Grundy,Perth Scorchers,Bowler,,
a0bc8dc1,SK Moloney,Hobart Hurricanes,Batsman,,
89bbc67a,SW Bates,Perth Scorchers,Batsman,,
cb937b2d,V Pyke,Hobart Hurricanes,Bowler,,
83558266,A King,Melbourne Stars,Batsman,,
b9164a9b,AJ Blackwell,Sydney Thunder,Batsman,,
06f988b8,B Vakarewa,Sydney Thunder,Bowler,,
0f00b4d7,CJ Koski,Sydney Thunder,Batsman,,
ea8b65ab,D Hazell,Melbourne Stars,Batsman,,
a0e886e0,D Young,Unknown,Unknown,,
437068a1,E Kearney,Melbourne Stars,Batsman,,
fe731c62,EA Osborne,Sydney Thunder,Bowler,,
b0ca6975,EJ Inglis,Melbourne Stars,Batsman,,
207ba61e,GL Triscari,Melbourne Stars,Bowler,,
53cd8da6,H Kaur,Sydney Thunder,Bowler,,
b8cce99f,HNK Jensen,Melbourne Stars,Batsman,,
5ebc3941,JE Cameron,Melbourne Stars,Batsman,,
ef13bd20,KM Mack,Melbourne Stars,Batsman,,
80f7522f,Kumar Jeyakkumar,Unknown,Unknown,,
ad061133,L Bardsley,Melbourne Stars,Batsman,,
e2410b5e,MJG Nielsen,Melbourne Stars,Batsman,,
27e003ce,MM Lanning,Melbourne Stars,Batsman,,
609c519e,NE Stalenberg,Sydney Thunder,Batsman,,
dff806f4,NJ Carey,Sydney Thunder,Bowler,,
d7c6b0fb,RL Haynes,Sydney Thunder,Batsman,,
4ed7d23f,RM Farrell,Sydney Thunder,Bowler,,
0816fb1e,SL Bates,Sydney Thunder,Bowler,,
92cf79a8,SR Taylor,Sydney Thunder,Batsman,,
b91cd1a6,Terry Keel,Unknown,Unknown,,
d264c880,RG Patterson,Unknown,Unknown,,
bc969efb,A Gardner,Sydney Sixers,Batsman,,
321644de,AJ Healy,Sydney Sixers,Batsman,,
13781d43,AR Reakes,Sydney Sixers,Batsman,,
8c5775f3,D van Niekerk,Sydney Sixers,Batsman,,
a6d06180,EA Leys,Sydney Sixers,Batsman,,
be150fc8,EA Perry,Sydney Sixers,Batsman,,
8cc171e7,Kent Hannam,Unknown,Unknown,,
6bb7a785,LC Sthalekar,Sydney Sixers,Batsman,,
9c515112,LG Smith,Sydney Sixers,Bowler,,
63e3b6b3,M Kapp,Sydney Sixers,Batsman,,
5be043df,SE Aley,Sydney Sixers,Batsman,,
af71535d,SJ McGlashan,Sydney Sixers,Batsman,,
0aa42c26,Troy Penman,Unknown,Unknown,,
52d1dbc8,BL Mooney,Brisbane Heat,Batsman,,
53bee17f,DJS Dottin,Brisbane Heat,Batsman,,
d693012d,DM Kimmince,Brisbane Heat,Batsman,,
852820e3,H Birkett,Brisbane Heat,Batsman,,
a594a6e0,HL Ferling,Brisbane Heat,Batsman,,
e6c8bace,Hennie Botes,Unknown,Unknown,,
47bcaf7a,JL Barsby,Brisbane Heat,Batsman,,
0475a86b,JL Jonassen,Brisbane Heat,Batsman,,
a1786c35,John Taylor,Unknown,Unknown,,
712bd44c,KL Short,Brisbane Heat,Batsman,,
507acf2e,P Cleary,Perth Scorchers,Bowler,,
5d2eda89,S Mandhana,Brisbane Heat,Batsman,,
d7b754d4,SJ Johnson,Brisbane Heat,Batsman,,
7fb35eba,T Cooper,Brisbane Heat,Batsman,,
16f16957,Terry Prue,Unknown,Unknown,,
28aba384,C Raack,Hobart Hurricanes,Bowler,,
98797fb4,K Sutherland,Brisbane Heat,Bowler,,
6e66e70b,RA Dunbar,Unknown,Unknown,,
512226fb,Steven Farrell,Unknown,Unknown,,
36e2dc83,L Harris,Brisbane Heat,Batsman,,
ac886e6f,SE Dionysius,Unknown,Unknown,,
d4c0dc60,Ian Thomas,Unknown,Unknown,,
27fa592f,ML Gibson,Sydney Thunder,Bowler,,
397cf8e4,Anthony Hobson,Unknown,Unknown,,
d3b4b8ed,IMHC Joyce,Hobart Hurricanes,Batsman,,
110839f2,JL Hunter,Hobart Hurricanes,Bowler,,
216ae65f,M Phillips,Hobart Hurricanes,Batsman,,
32497ecd,A Shrubsole,Perth Scorchers,Bowler,,
6ce9da23,KD Perrin,Unknown,Unknown,,
97d86043,KJ Hartshorn,Perth Scorchers,Bowler,,
13f8d4b5,SJ Elliott,Adelaide Strikers,Batsman,,
f3a18a0c,NR Sciver,Melbourne Stars,Batsman,,
2ef9bdcb,T Saville,Adelaide Strikers,Batsman,,
275dff85,L Cheatle,Sydney Thunder,Bowler,,
3812165d,M Hinkley,Sydney Thunder,Batsman,,
309212aa,R Irvine,Brisbane Heat,Batsman,,
65d9b6b6,A Sutherland,Melbourne Renegades,Unknown,,
05911fef,EJ Smith,Perth Scorchers,Batsman,,
41fc1ece,BB Chari,Zimbabwe,Batsman,,
76752ac8,MA Gough,Unknown,Unknown,,
aed55673,MT Chinouya,Zimbabwe,Batsman,,
c4d740b3,PS Masvaure,Zimbabwe,Batsman,,
2f0d7e4a,RW Chakabva,Zimbabwe,Batsman,,
024a173d,J Nyumbu,Zimbabwe,Bowler,,
3fb197cd,TMK Mawoyo,Zimbabwe,Batsman,,
59ddd811,NE Bonner,Jamaica Tallawahs,Batsman,,
0077eaa3,GD Pope,St Lucia Zouks,Batsman,,
c1e32d91,WL Mitchum,Unknown,Unknown,,
f2665768,A Phillip,Trinbago Knight Riders,Bowler,,
7cfb697c,JA Foo,Jamaica Tallawahs,Batsman,,
c6097d68,O Thomas,Jamaica Tallawahs,Bowler,,
d09891ad,Danesh Ramdhanie,Unknown,Unknown,,
92b925f7,K Ramsaran,St Lucia Zouks,Unknown,,
b3bad3f2,NR Kumar,St Lucia Zouks,Bowler,,
1f1345e7,K Kowlessar,Unknown,Unknown,,
1013ace8,PG Wintz,Guyana Amazon Warriors,Bowler,,
99ed60f8,JPR Scantlebury-Searles,Trinbago Knight Riders,Batsman,,
8e088dbc,GF Labrooy,Unknown,Unknown,,
9dc3ea7e,H Hiri,Papua New Guinea,Batsman,,
63896abb,Sharfuddoula,Unknown,Unknown,,
2259c12d,Tabarak Dar,Unknown,Unknown,,
ec29da98,Z Nizami,Unknown,Unknown,,
4b594b43,IA Thomson,Unknown,Unknown,,
bf2d865c,JJ Atkinson,Hong Kong,Batsman,,
65122d56,K Christie,Hong Kong,Batsman,,
1fc6ef83,SD Hope,West Indies,Batsman,,
ccdd8308,ST Finn,England,Bowler,,
6ef13460,A Balbirnie,Ireland,Batsman,,
a48fc79d,EC Joyce,Ireland,Batsman,,
05de1a5a,GC Wilson,Ireland,Batsman,,
84826f48,NJ O'Brien,Ireland,Batsman,,
cf494ffe,PR Stirling,Ireland,Batsman,,
6bd04fa5,RJ Bailey,Unknown,Unknown,,
b143c87d,RT Robinson,Unknown,Unknown,,
c89474d1,TJ Murtagh,Ireland,Batsman,,
3766056b,BJ McCarthy,Ireland,Bowler,,
affbf093,Anisur Rahman,Unknown,Unknown,,
5f26f677,BM Duckett,England,Batsman,,
8eb611d0,Mosharraf Hossain,Bangladesh,Bowler,,
1a8eebbe,Shafiul Islam,Bangladesh,Bowler,,
6eea0b32,Nasir Hossain,Bangladesh,Batsman,,
4a461c24,LA Dawson,Unknown,Bowler,,
9581ac6b,Masudur Rahman,Unknown,Unknown,,
f41598c1,AN Cook,England,Batsman,,
5ac8f17b,GJ Batty,England,Batsman,,
755a77c6,GS Ballance,England,Batsman,,
bb01f9e0,Shuvagata Hom,Bangladesh,Batsman,,
7b1e20ea,ZS Ansari,England,Bowler,,
fdcc6236,AK Chaudhary,Unknown,Unknown,,
012de9c4,CK Nandan,Unknown,Unknown,,
c8574282,MD Craig,New Zealand,Bowler,,
e1d41d9e,Nitin Menon,Unknown,Unknown,,
bb345e0b,G Gambhir,India,Batsman,,
2e9fdf9b,DAJ Bracewell,New Zealand,Batsman,,
81049310,J Yadav,India,Batsman,,
6c6aca89,TS Roland-Jones,England,Batsman,,
f0a0204e,MS Crane,England,Bowler,,
17c7ff26,PJ Hartley,Unknown,Unknown,,
112b8472,JW Lloyds,Unknown,Unknown,,
50c6bc2b,LS Livingstone,England,Batsman,,
e86754b2,TK Curran,England,Bowler,,
ad9c32a2,DJ Malan,England,Batsman,,
46ecfe40,DJ Millns,Unknown,Unknown,,
d12143bf,JM Anderson,England,Batsman,,
8479a24a,KK Jennings,England,Batsman,,
2e0fcc58,AG Wharf,Unknown,Unknown,,
3b5dfcd4,NA Mallender,Unknown,Unknown,,
25a42048,T Westley,England,Batsman,,
78eb4223,KAJ Roach,West Indies,Bowler,,
1b77f62b,MD Stoneman,England,Batsman,,
772fe461,NGB Cook,Unknown,Unknown,,
c7f6dd3b,SW Ambris,West Indies,Batsman,,
ea123ee4,M Hawthorne,Unknown,Unknown,,
51a36d3e,GH Worker,New Zealand,Batsman,,
fef92afc,SC Kuggeleijn,New Zealand,Batsman,,
69c994e4,SHA Rance,New Zealand,Bowler,,
94238673,HK Bennett,New Zealand,Bowler,,
25c73eb6,A Aitken,Scotland,Bowler,,
a1abb3a2,AJ Drummond,Scotland,Unknown,,
0d90c81c,AM Smith,Unknown,Unknown,,
b3020075,B de Leede,Netherlands,Batsman,,
4eebb3e5,CC van Slobbe,Netherlands,Batsman,,
6dde8e45,CG Steenstra Toussaint,Netherlands,Batsman,,
1b61a9fa,DM Braat,Netherlands,Batsman,,
1806d310,EE Corder,Netherlands,Batsman,,
b26dafe7,EM Priddle,Scotland,Unknown,,
6d48df01,HDJ Siegers,Netherlands,Batsman,,
e21b8cb5,HW Rambaldo,Netherlands,Batsman,,
78f4d252,IAF Bevers,Unknown,Unknown,,
bba7558e,K McGill,Scotland,Bowler,,
f13d3eba,KE Bryce,Scotland,Bowler,,
00823a96,KL Gordon,Scotland,Bowler,,
53c738ac,L Klokgieters,Netherlands,Batsman,,
3733a317,M Veringmeier,Netherlands,Batsman,,
61ff8dd7,OSM Rae,Scotland,Batsman,,
8e7be59c,PA Chatterji,Scotland,Bowler,,
2dc78362,RV Scholes,Scotland,Bowler,,
35230fa3,S Haggo,Scotland,Bowler,,
9a58f2c8,S Siegers,Netherlands,Batsman,,
2ca65aee,SJ Bryce,Scotland,Batsman,,
2b150c6b,SL Kalis,Netherlands,Batsman,,
fe0c5457,H Hameed,England,Batsman,,
b5da6c24,PA Patel,India,Batsman,,
d7867306,NN Menon,Unknown,Unknown,,
96fd40ae,A Nehra,India,Bowler,,
2efc430e,AY Dandekar,Unknown,Unknown,,
9170ff49,Parvez Rasool,India,Batsman,,
1dc12ab9,SK Raina,India,Batsman,,
919a3be2,RR Pant,India,Batsman,,
b05e45e4,AE Jones,Loughborough Lightning,Batsman,,
fb192f98,BA Langston,Loughborough Lightning,Bowler,,
524a3a82,BJ Debenham,Unknown,Unknown,,
10ca46df,C O'Keefe,Western Storm,Unknown,,
971cb321,E Jones,Loughborough Lightning,Unknown,,
a28132bd,FC Wilson,Western Storm,Batsman,,
2479daa6,FR Davies,Western Storm,Bowler,,
287ed3a0,GA Elwiss,Loughborough Lightning,Batsman,,
8d742853,GM Hennessy,Western Storm,Batsman,,
6e8b586a,JM Dibble,Western Storm,Bowler,,
7b01ce83,L Lee,Western Storm,Batsman,,
588360ee,PJ Scholfield,Loughborough Lightning,Batsman,,
c4e8d728,SB Odedra,Loughborough Lightning,Bowler,,
e19307f3,SN Luff,Western Storm,Batsman,,
45135344,TF Brookes,Loughborough Lightning,Batsman,,
75169b8c,Tom Lungley,Unknown,Unknown,,
053dc208,A Brindle,Southern Vipers,Bowler,,
290af2b3,CE Rudd,Southern Vipers,Unknown,,
3cfb1554,Chris Watts,Unknown,Unknown,,
7b1f2542,GL Adams,Southern Vipers,Batsman,,
e69dbbef,KL George,Southern Vipers,Unknown,,
340202b0,LCN Smith,Southern Vipers,Bowler,,
923b0e02,LS Greenway,Southern Vipers,Batsman,,
15f609ed,NE Farrant,Southern Vipers,Bowler,,
9d1c62d7,RJ Warren,Unknown,Unknown,,
81d06fb5,CJ Sayers,South Australia,Bowler,,
5dcd864f,JD Dalton,South Australia,Batsman,,
70c4f525,JM Holland,Victoria,Batsman,,
666936de,TJ Dean,Victoria,Batsman,,
0d518f89,A Khaka,South Africa,Batsman,,
14baca9f,A Steyn,South Africa,Batsman,,
4d4605e6,CL Tryon,South Africa,Batsman,,
6e96c956,Fargana Hoque,Bangladesh,Batsman,,
752183c1,Jahanara Alam,Bangladesh,Bowler,,
bec997fc,Khadija Tul Kubra,Bangladesh,Bowler,,
16443d2f,M Daniels,South Africa,Bowler,,
e219f17a,M du Preez,South Africa,Batsman,,
7544bf30,MM Letsoalo,South Africa,Bowler,,
3275b68b,Mahfuzur Rahman,Unknown,Unknown,,
66078174,Nahida Akter,Bangladesh,Bowler,,
3827f6a2,Nigar Sultana,Bangladesh,Batsman,,
0725d3d2,O Kirsten,Unknown,Bowler,,
005f0561,Panna Ghosh,Bangladesh,Bowler,,
a92763ea,Rumana Ahmed,Bangladesh,Bowler,,
34304210,S Jafta,South Africa,Batsman,,
6d76bc23,S Luus,South Africa,Batsman,,
037f2b86,Salma Khatun,Bangladesh,Bowler,,
b76fd014,Shaila Sharmin,Bangladesh,Bowler,,
84fdd3cf,Sharmin Akhter,Bangladesh,Batsman,,
4e017436,Sharmin Sultana,Bangladesh,Batsman,,
ea2df1f1,Tanvir Ahmed,Unknown,Unknown,,
5bf87532,Lata Mondal,Bangladesh,Batsman,,
ebe27221,Y Fourie,South Africa,Bowler,,
bd17b45f,STR Binny,India,Unknown,,
dcf0e8f4,A Bosch,South Africa,Bowler,,
58dc96cc,D Devnarain,South Africa,Batsman,,
fa8f9dc3,KM Beams,Australia,Bowler,,
0bb32e98,L Goodall,South Africa,Batsman,,
ce85fcaf,M Klaas,South Africa,Bowler,,
ae2c396f,AM Peterson,New Zealand,Batsman,,
0de3060f,EC Perry,New Zealand,Batsman,,
180240d4,EM Bermingham,New Zealand,Bowler,,
8d6b36e3,HR Huddleston,New Zealand,Bowler,,
cf75a839,KJ Martin,New Zealand,Batsman,,
78ad3258,KT Perkins,New Zealand,Batsman,,
9b73d523,LM Kasperek,New Zealand,Bowler,,
865eae1f,ML Green,New Zealand,Batsman,,
7673c908,AC Kerr,New Zealand,Batsman,,
ac56b5a7,AC Jayangani,Sri Lanka,Batsman,,
b55fb828,BMSM Kumari,Sri Lanka,Batsman,,
6edcff70,HIS Mendis,Sri Lanka,Batsman,,
a61850e6,I Ranaweera,Sri Lanka,Batsman,,
a0fdf513,KDU Prabodhani,Sri Lanka,Batsman,,
8b552293,LE Kaushalya,Sri Lanka,Batsman,,
3f440bd6,MADD Surangika,Sri Lanka,Batsman,,
dfc89c58,MDN Hansika,Sri Lanka,Batsman,,
1b3718d2,PM Weerakkody,Sri Lanka,Batsman,,
a1c4aed5,PRCS Kumarihami,Sri Lanka,Batsman,,
808f2939,RA Kottahachchi,Unknown,Unknown,,
92e41d14,RD Kottahachchi,Unknown,Unknown,,
13fa6ffc,RMPJ Rambukwella,Unknown,Unknown,,
5838cb64,SIP Fernando,Sri Lanka,Batsman,,
53068b45,GWHM Perera,Sri Lanka,Batsman,,
7934d6fb,JWHD Boteju,Unknown,Unknown,,
4ac6664d,KADA Kanchana,Sri Lanka,Bowler,,
2fa2647c,M Pethiyagoda,Unknown,Unknown,,
10061830,PN Udawatta,Unknown,Unknown,,
4950c8db,RR Wimalasiri,Unknown,Unknown,,
07485bb9,HML Madushani,Sri Lanka,Batsman,,
63841782,ID Gunawardene,Unknown,Unknown,,
b37b035c,MGMCP Gunawardene,Sri Lanka,Batsman,,
e5609932,SPD Jayamahamudali,Unknown,Unknown,,
7c6293d1,A Orfila,Gibraltar,Unknown,,
5629202a,CJ Phillips,Gibraltar,Batsman,,
17f344c4,D Massil,Israel,Bowler,,
41acc8bf,E Kahamker,Israel,Batsman,,
8da9a284,E Solomon,Israel,Batsman,,
6fea65a0,Emanuel Solomon,Israel,Batsman,,
fd4959c8,HE Kearns,Unknown,Unknown,,
78f719ea,IDM Latin,Gibraltar,Batsman,,
027662be,J Evans,Israel,Bowler,,
40d29a33,J Hazell,Gibraltar,Batsman,,
7cd7eb50,JD Freyone,Gibraltar,Batsman,,
8ad721dd,K Aswani,Gibraltar,Batsman,,
441006af,K Mirpuri,Gibraltar,Batsman,,
81898acc,KJ Ferrary,Gibraltar,Batsman,,
fbac5c86,M Hoffman,Israel,Batsman,,
486f252b,MO Bacarese,Gibraltar,Batsman,,
a2424a28,NN Davidson,Unknown,Unknown,,
8f929af6,R Schachat,Israel,Bowler,,
856fc47a,S Bangera,Israel,Batsman,,
1d1a15fa,S Suarez,Gibraltar,Bowler,,
b7861788,S Waskar,Israel,Unknown,,
b02bdcfc,SA Chipolina,Gibraltar,Bowler,,
13f86301,SRM Arachichige,Israel,Bowler,,
e62a07ce,Y Razpurker,Israel,Bowler,,
39e599c8,A McAuley,Isle of Man,Batsman,,
a5efce80,A Sarma,Germany,Batsman,,
63af7f6e,A van den Berg,Isle of Man,Bowler,,
7ed05554,AM Killey,Isle of Man,Batsman,,
3daaabaa,Ahmed Wardak,Germany,Bowler,,
89b7e368,Asad Mohammad,Germany,Batsman,,
20ccbb4c,B Ess,Germany,Batsman,,
fa135031,C Hawke,Isle of Man,Batsman,,
178b4188,D Kniveton,Isle of Man,Batsman,,
92256e66,D Weston,Germany,Batsman,,
281d4749,DH Mclean,Unknown,Unknown,,
0c5f662b,DJ Hawke,Isle of Man,Bowler,,
543b4552,EM Young,Unknown,Unknown,,
fc80e7a2,J Jensen,Unknown,Unknown,,
a2dd9236,K Cawte,Isle of Man,Bowler,,
9334796c,Kashif Hussain,Germany,Batsman,,
12197705,Khaled Khan,Germany,Batsman,,
bf00f426,ME Latif,Germany,Bowler,,
6e60a792,MJ Ansell,Isle of Man,Bowler,,
7dde58c9,Mudassar Muhammad,Germany,Batsman,,
a69e2964,OJ Webster,Isle of Man,Batsman,,
0d9992e3,P Littlejohns,Isle of Man,Batsman,,
7a7c7e57,R Pillai,Germany,Batsman,,
86ac0262,S Mills,Isle of Man,Bowler,,
b1b99a1a,Sajid Liaqat,Germany,Batsman,,
0c17f84a,AM Baird,Unknown,Unknown,,
b2caf373,N White,Isle of Man,Unknown,,
7fcc57bf,Atif Mehmood,Spain,Bowler,,
f9f857dc,Awais Ahmed,Spain,Batsman,,
17bc032c,C Munoz-Mills,Spain,Batsman,,
ba1ae245,Farhat Mahmood,Spain,Unknown,,
6ebf4d4e,Farzan Afzal,Spain,Bowler,,
8a1d0222,Kuldeep Lal,Spain,Bowler,,
cf785dd1,M Armghan Khan,Spain,Batsman,,
483af635,N Dokarker,Israel,Batsman,,
6c765570,Nisar Ahmed,Spain,Batsman,,
91cd337c,R Panchal,Spain,Unknown,,
5a00e218,Talat Nadeem,Spain,Bowler,,
7d04a802,Tanveer Iqbal,Spain,Bowler,,
1f06e3d5,Amna Jamal,Singapore,Unknown,,
691e535a,Ankita Ved,Singapore,Batsman,,
b42d42b1,Christina Baret,Malaysia,Batsman,,
a009fb86,DI Chunan,Malaysia,Batsman,,
841d07cc,Emylia Eliani,Malaysia,Batsman,,
992979fa,GK Diviya,Singapore,Batsman,,
eaf4f81c,Jannadiah Halim,Malaysia,Bowler,,
1d3f9a1e,Kashish Agarwal,Singapore,Batsman,,
5efa8af3,M Syahadat Ramli,Unknown,Unknown,,
0785b683,NA Pratt,Singapore,Batsman,,
31382975,Noor Hayati Zakaria,Malaysia,Bowler,,
f7301b56,Nur Aishah,Malaysia,Batsman,,
4db4c8be,Nur Arianna Natsya,Malaysia,Bowler,,
7ccc0a38,RR Seth,Singapore,Bowler,,
ee08063a,Samantha Singham,Singapore,Batsman,,
9e4f6851,Sasha Azmi,Malaysia,Bowler,,
0c40b02d,Shafina Mahesh,Singapore,Unknown,,
9ef019c5,Smruthi Radhakrishnan,Singapore,Bowler,,
a96938ba,Suharril Fetri,Unknown,Unknown,,
5d1c84b8,T Sen,Singapore,Bowler,,
eb2d1983,Vathana Sreemurugavel,Singapore,Batsman,,
7467fe01,WA Duraisingam,Malaysia,Bowler,,
c74d14f1,Yusrina Yaakop,Malaysia,Batsman,,
d35c1fc7,Zumika Azmi,Malaysia,Bowler,,
b9b32e3c,Mahirah Izzati Ismail,Malaysia,Bowler,,
f6b98653,R Pasupathy,Singapore,Unknown,,
8b002990,V Pasupathy,Singapore,Batsman,,
86a1918c,Ahmed Shahab,Unknown,Unknown,,
e0e5b209,Ahsan Raza,Unknown,Unknown,,
5eea345c,Khalid Latif,Pakistan,Batsman,,
0b06b921,Khalid Mahmood,Unknown,Unknown,,
153c67dc,Shozab Raza,Unknown,Unknown,,
3a0f6df2,Zulfiqar Babar,Pakistan,Batsman,,
98dfe425,Asmavia Iqbal,Pakistan,Bowler,,
e15f4fa4,Ayesha Zafar,Pakistan,Batsman,,
3b770527,Bismah Maroof,Pakistan,Bowler,,
25c6d6af,ED Sanders,Unknown,Unknown,,
cb4b3ab0,GAV Baxter,Unknown,Unknown,,
8ca1f93a,HM Rowe,New Zealand,Bowler,,
dc596fac,Iram Javed,Pakistan,Batsman,,
ccf7baaf,JAK Bromley,Unknown,Unknown,,
3021a755,Maham Tariq,Pakistan,Bowler,,
3e7c0b1e,Nahida Khan,Pakistan,Batsman,,
5486d41f,Nain Abidi,Pakistan,Batsman,,
ed840f44,Nida Dar,Pakistan,Bowler,,
3cfbddce,Sadia Yousuf,Pakistan,Bowler,,
b287e7b1,Sana Mir,Pakistan,Bowler,,
ca3ded6f,Sidra Nawaz,Pakistan,Batsman,,
93fe473e,TMM Newton,New Zealand,Bowler,,
2904b4b6,Aliya Riaz,Pakistan,Batsman,,
d921449d,Javeria Khan,Pakistan,Batsman,,
d59c5855,K Cross,Unknown,Unknown,,
aa89a853,SRH Curtis,New Zealand,Batsman,,
06653fcc,Anam Amin,Pakistan,Bowler,,
a51e6c6e,Diana Baig,Pakistan,Batsman,,
153c9f33,JM Dempsey,Unknown,Unknown,,
adb07afc,RG Hooper,Unknown,Unknown,,
f5c7823e,D Venter,Unknown,Unknown,,
57689d0b,RE Hayward,Unknown,Unknown,,
6c46022b,GA Stirrat,Unknown,Unknown,,
e5c6f48b,RA Dykes,Unknown,Unknown,,
58ddb8b4,KD Earl,Unknown,Unknown,,
c661789d,AW Mathieson,Central Stags,Bowler,,
fbd4f01f,AY Patel,Central Stags,Bowler,,
efc0a862,BF Bowden,Unknown,Unknown,,
48ad3373,BM Tickner,Central Stags,Bowler,,
556df4f9,BS Smith,Central Stags,Bowler,,
ac3e14ed,BS Wilson,Otago Volts,Batsman,,
f7b2cbe8,C Viljoen,Otago Volts,Bowler,,
e3a949be,D Cleaver,Central Stags,Batsman,,
bf573bfd,DC de Boorder,Otago Volts,Batsman,,
5bcd48df,GR Hay,Central Stags,Batsman,,
0605de92,HD Rutherford,Otago Volts,Batsman,,
dadbdb68,JA Duffy,Otago Volts,Bowler,,
1ccf9e7e,JL Finnie,Otago Volts,Batsman,,
b862ef08,M Renwick,Central Stags,Batsman,,
05b1aef8,NG Smith,Otago Volts,Bowler,,
19cc9592,RJ McCone,Central Stags,Bowler,,
37fa7ef6,RM Duffy,Otago Volts,Batsman,,
37d0c8b3,RM Phillips,Otago Volts,Bowler,,
8fdfa195,SR Wells,Otago Volts,Batsman,,
8afe73e2,WA Young,Central Stags,Batsman,,
f336ff13,A Mehrotra,Unknown,Unknown,,
f987245c,AM Ellis,Canterbury,Batsman,,
848487cf,B Popli,Northern Districts,Batsman,,
4af9f5d4,CD Fletcher,Canterbury,Batsman,,
45df0e72,CJ Bowes,Canterbury,Batsman,,
eade4650,DJ Mitchell,Northern Districts,Bowler,,
9d710afe,DR Flynn,Northern Districts,Batsman,,
c9bb898a,EJ Nuttall,Canterbury,Batsman,,
5426de63,HB Shipley,Canterbury,Batsman,,
10f7b52b,JD Baker,Northern Districts,Bowler,,
125fa4de,JF Carter,Northern Districts,Batsman,,
94734e80,JG Walker,Northern Districts,Bowler,,
68c56d09,KA Jamieson,Canterbury,Batsman,,
4c895bc1,KJ McClure,Canterbury,Batsman,,
3173801a,MSJ Davidson,Unknown,Batsman,,
97f437ed,NF Kelly,Northern Districts,Batsman,,
10a2a1ff,PG Fulton,Canterbury,Batsman,,
a1a5192e,TG Johnston,Canterbury,Batsman,,
3cfc24b0,TJ Parlane,Unknown,Unknown,,
4663bd23,TL Seifert,Northern Districts,Batsman,,
eec5fe00,ZN Gibson,Northern Districts,Bowler,,
e9a44f08,B Cachopa,Auckland Aces,Batsman,,
a5ac694f,BJ Arnel,Wellington Firebirds,Bowler,,
52d11798,DJ Grobbelaar,Auckland Aces,Batsman,,
d4aea8ac,DJ Walker,Unknown,Unknown,,
13161e28,DS Hutchinson,Auckland Aces,Batsman,,
70542bef,HJH Marshall,Wellington Firebirds,Batsman,,
f8e48647,IG McPeake,Wellington Firebirds,Bowler,,
9ba59a3c,LJ Woodcock,Wellington Firebirds,Batsman,,
d3b84c59,MA Pollard,Wellington Firebirds,Batsman,,
6c1beb66,MHW Papps,Wellington Firebirds,Batsman,,
87617f7a,MJ Taylor,Wellington Firebirds,Batsman,,
9f86e380,ML Guptill-Bunce,Auckland Aces,Batsman,,
8d8c24fd,RJ Nicol,Auckland Aces,Batsman,,
2742086d,RR O'Donnell,Auckland Aces,Batsman,,
168b4c4f,S Hicks,Auckland Aces,Batsman,,
2415a225,SJ Murdoch,Wellington Firebirds,Batsman,,
e82dc4c5,TS Nethula,Auckland Aces,Batsman,,
ae9e1240,TC Goodin,Northern Districts,Batsman,,
169be239,PD Jones,Unknown,Unknown,,
e731bb66,CW Andrews,Auckland Aces,Bowler,,
b87fb772,MB McEwan,Wellington Firebirds,Batsman,,
7fa12533,MS Chapman,Auckland Aces,Batsman,,
63a1874a,AK Kitchen,Otago Volts,Batsman,,
46966c2b,CK Leopard,Central Stags,Bowler,,
e38bce7a,MG Bracewell,Otago Volts,Batsman,,
9123301a,NA Patel,Central Stags,Bowler,,
afb3ab47,JS Hunter,Otago Volts,Batsman,,
1c06d60a,MD Rae,Otago Volts,Batsman,,
93f25f4f,BR Hampton,Northern Districts,Bowler,,
99528b4b,HR Cooper,Northern Districts,Batsman,,
91ffa6c6,JD Ryder,Central Stags,Batsman,,
d285acaf,CE McConchie,Canterbury,Batsman,,
f7b3d625,JCT Boyle,Canterbury,Batsman,,
782fb776,LV van Beek,Canterbury,Bowler,,
fd9f43bb,SM Solia,Auckland Aces,Bowler,,
650f9d3c,Aniket Parikh,Auckland Aces,Bowler,,
5d99a16a,BJ Horne,Auckland Aces,Batsman,,
2f55509e,RS Sandhu,Auckland Aces,Bowler,,
2c724f2c,SW Eathorne,Otago Volts,Batsman,,
51a3c5ef,MJ McClenaghan,Auckland Aces,Bowler,,
034b1472,PJ Malcon,Unknown,Unknown,,
644bf4ad,K Pulley,Unknown,Unknown,,
861eed37,WSA Williams,Canterbury,Bowler,,
6b26688e,GW Croudis,Otago Volts,Batsman,,
dbeb6733,BG Randell,Northern Districts,Bowler,,
c2327c5d,FJ Colson,Wellington Firebirds,Batsman,,
149d0c18,PF Younghusband,Wellington Firebirds,Batsman,,
5ca4a6ff,JJ Tasman-Jones,Otago Volts,Batsman,,
23fa9ea9,Abdul Waheed,Saudi Arabia,Batsman,,
746fd7bf,Afzal Saleem,Saudi Arabia,Batsman,,
b64e3749,E Ochieng,Kenya,Bowler,,
05978f8d,Gulam Mustafa,Saudi Arabia,Batsman,,
119007ef,Ibrarul Haq,Saudi Arabia,Batsman,,
8a6602c4,Imran Azam,Saudi Arabia,Batsman,,
1ce56cb2,Inayat Saeed,Saudi Arabia,Unknown,,
8a369727,K Kaul,Kenya,Batsman,,
08f04bc3,Muhammad Abbasi,Saudi Arabia,Batsman,,
382ca816,Muzaffar Mujeed,Saudi Arabia,Batsman,,
e4c69c16,Patric Makumbi,Unknown,Unknown,,
5539605a,Roheel Shamus,Saudi Arabia,Batsman,,
7e461ed2,Shanawaz Khan,Saudi Arabia,Batsman,,
e32a4ceb,W Trenk,Unknown,Unknown,,
e29e7278,Waqas Akram,Saudi Arabia,Batsman,,
fcfffcd5,AS Kyobe,Uganda,Batsman,,
dfdd7b97,Abdalah Lubega,Uganda,Batsman,,
88aaf2d7,Asgarali Kassam,Unknown,Unknown,,
f33cfd25,B Masaba,Uganda,Batsman,,
7636b587,D Muhumuza,Uganda,Batsman,,
643f2e6a,Dharmang Patel,Qatar,Batsman,,
87e33d07,F Nsubuga,Uganda,Batsman,,
b0ef0346,Faisal Javed,Qatar,Batsman,,
2b7609f1,H Ssenyondo,Uganda,Bowler,,
d26858c0,HB Kayondo,Uganda,Batsman,,
e95eb01b,Imran Ashraf,Qatar,Batsman,,
b9fd3959,Iqbal Hussain,Qatar,Bowler,,
1e78c51c,J Sebanja,Uganda,Batsman,,
922e3dcc,Kamran Khan,Qatar,Batsman,,
68e267a8,L Sematimba,Uganda,Batsman,,
2cef25f0,M Okello,Unknown,Unknown,,
82afc034,Mohammad Rizlan,Qatar,Batsman,,
34b8b1b5,Mohammed Awais,Qatar,Bowler,,
dc67d315,Mohammed Irfan,Uganda,Batsman,,
856cbb1e,Mohammed Nadeem,Qatar,Bowler,,
1a8f879b,Mujeeb-ur-Rehman,Qatar,Bowler,,
6adabee6,Nouman Sarwar,Qatar,Bowler,,
7bb926a7,Tamoor Sajjad,Qatar,Batsman,,
88ee683b,Z Arinaitwe,Uganda,Batsman,,
6727fb4d,A Otwani,Uganda,Batsman,,
ab591e7d,E Isaneez,Uganda,Bowler,,
de4828fa,IO Oyieko,Unknown,Unknown,,
fdf9c85a,C Udoyi,Unknown,Unknown,,
a6ea5758,H Ochieng,Unknown,Unknown,,
fcec4285,Hammad Saeed,Saudi Arabia,Batsman,,
941dfb84,Mohsin Shabbir,Saudi Arabia,Batsman,,
f0e8d51a,Shoaib Ali,Saudi Arabia,Batsman,,
53d50717,A Hartley,England,Bowler,,
5230a33d,L Winfield,England,Batsman,,
9706e64b,LA Marsh,England,Bowler,,
52d3b7ff,OU Ranasinghe,Sri Lanka,Batsman,,
5f862ccd,SS Weerakkody,Sri Lanka,Batsman,,
f8e27d4a,H Karunaratne,Sri Lanka,Bowler,,
318a4039,MAA Sanjeewani,Sri Lanka,Batsman,,
f0b4294e,NND de Silva,Sri Lanka,Bowler,,
550373ea,WGAKK Kulasuriya,Sri Lanka,Bowler,,
53e20e1c,WN de Silva,Unknown,Unknown,,
15c766c3,Inam-ul-Haq,Qatar,Bowler,,
130de2a7,Nicholas Otieno,Unknown,Unknown,,
49691d7a,CB Mpofu,Zimbabwe,Bowler,,
4751caa3,CBRLS Kumara,Sri Lanka,Batsman,,
28496266,CT Mumba,Zimbabwe,Bowler,,
400e2d4d,FDM Karunaratne,Sri Lanka,Batsman,,
d2fcce2f,HMRKB Herath,Sri Lanka,Batsman,,
52f7299a,JK Silva,Sri Lanka,Batsman,,
5531248e,MDK Perera,Sri Lanka,Batsman,,
b58b7db6,GSNFG Jayasuriya,Sri Lanka,Bowler,,
753c95b9,SS Pathirana,Sri Lanka,Bowler,,
3b417422,T Panyangara,Zimbabwe,Batsman,,
4b2d6789,TS Chisoro,Zimbabwe,Bowler,,
aceb7654,JDF Vandersay,Sri Lanka,Bowler,,
37137c8b,BV Vitori,Zimbabwe,Batsman,,
9f9b903e,TK Musakanda,Zimbabwe,Batsman,,
71c1f483,A Bonora,Italy,Batsman,,
16f4cc7e,A Bulow,Denmark,Batsman,,
e27cff77,A Khan,Denmark,Batsman,,
94ed8d37,Aftab Ahmed (2),Denmark,Batsman,,
c8c9d60b,BBJL Perera,Italy,Batsman,,
3b282e51,Bashir Shah,Denmark,Bowler,,
169c473b,C Young,Unknown,Unknown,,
b7ccb3c9,CS Sandri,Italy,Bowler,,
cb4a3840,Charanjeet Singh,Italy,Bowler,,
1f1f93b5,DG Crowley,Italy,Bowler,,
821a412e,FA Klokker,Denmark,Batsman,,
3957a70a,GP Meade,Italy,Bowler,,
007113d7,HAM Shah,Denmark,Batsman,,
b61d9d70,JM Williams,Unknown,Unknown,,
22cf078a,L di Giglio,Italy,Bowler,,
180bb105,MMBRSTC Wanigaratne,Italy,Bowler,,
3f796a61,MR Pedersen,Denmark,Batsman,,
e9d6a2ce,Manpreet Singh,Italy,Batsman,,
1f1acb93,R Tanweer,Italy,Batsman,,
bf385668,RB Javed,Denmark,Batsman,,
8de618ab,SA Ahmad,Denmark,Bowler,,
ed7bdfec,WTN Fernando,Italy,Bowler,,
928baf6b,Yasir Iqbal,Denmark,Batsman,,
fb0d3749,Zameer Khan,Denmark,Batsman,,
b481216d,A Poulose,Oman,Batsman,,
b858be20,AV Lalcheta,Oman,Bowler,,
e753931d,Akbar Ali,Unknown,Unknown,,
3748955d,Amir Ali,Oman,Batsman,,
59dcf322,BJ Hall,Bermuda,Batsman,,
ff722bc8,C Outerbridge,Bermuda,Batsman,,
49212b50,DA Minors,Bermuda,Batsman,,
7f6c2dae,DC Stovell,Bermuda,Batsman,,
310dbd9a,GH Maybury,Bermuda,Batsman,,
01d5f279,JA DeSilva,Bermuda,Batsman,,
bceb1b07,JJ Tucker,Bermuda,Batsman,,
b80dd12c,Jatinder Singh,Oman,Batsman,,
e1592949,KS Leverock,Bermuda,Batsman,,
934b36a6,Khawar Ali,Oman,Bowler,,
681af475,M Ansari,Oman,Bowler,,
c5d7b244,Mohammad Nadeem,Oman,Bowler,,
f71de062,OL Pitcher,Bermuda,Batsman,,
c024db94,RJ Ranpura,Oman,Batsman,,
9485ed40,S Bremar,Bermuda,Batsman,,
04ff561c,SS Khadye,Oman,Batsman,,
6d2b9724,T Manders,Bermuda,Batsman,,
34464143,Zeeshan Maqsood,Oman,Bowler,,
9029d54a,Zeeshan Siddiqui,Oman,Batsman,,
8160713d,AW Hawkins-Kay,Jersey,Batsman,,
b6980844,B Kynman,Jersey,Batsman,,
85ba5659,C Bisson,Jersey,Batsman,,
9f998ed8,CW Perchard,Jersey,Batsman,,
89a7dd4a,JE Dunford,Jersey,Batsman,,
32a8161e,JW Jenner,Jersey,Batsman,,
3221f470,LE Gallichan,Jersey,Batsman,,
80089b3a,NAT Watkins,Jersey,Batsman,,
eca301ed,PW Gough,Jersey,Batsman,,
9652e347,R McBey,Jersey,Bowler,,
bc6f8328,RJG Palmer,Jersey,Batsman,,
b4a23876,AAA Amsterdam,United States of America,Bowler,,
f5efe5e0,AL Dodson,United States of America,Batsman,,
a67252f0,CM Tuckett,Unknown,Unknown,,
cf9ae594,Danial Ahmed,United States of America,Batsman,,
e6ddab51,EH Hutchinson,United States of America,Bowler,,
5595b867,Fahad Babar,United States of America,Batsman,,
0f85e75c,Fida Hussain,Italy,Batsman,,
fc537391,Iftikhar Ali,Unknown,Unknown,,
5ec41cd7,Jasdeep Singh,United States of America,Bowler,,
652ee2b0,NI Standford,United States of America,Batsman,,
4ed3717c,RR Timbawala,United States of America,Batsman,,
95fcbfb7,TK Patel,United States of America,Bowler,,
f7009eb9,W Harris,Jersey,Batsman,,
80063018,DAW Hollis,Bermuda,Batsman,,
f1eb3c73,DMW Rawlins,Bermuda,Batsman,,
d35a520a,Omar Hayat,Denmark,Bowler,,
42bf1b7d,H Carlyon,Jersey,Batsman,,
84e4e12e,ZH Cheema,Italy,Batsman,,
950a79f4,M Morettini,Italy,Unknown,,
bc7d10b8,Abdullah Syed,United States of America,Batsman,,
4e6698d5,P Nair,United States of America,Bowler,,
73b1db79,Abdul Hashim,Denmark,Batsman,,
81c9dbbc,J Smith,Bermuda,Bowler,,
49556abb,T Bharaj,Denmark,Batsman,,
bf172ae6,Sufyan Mehmood,Oman,Batsman,,
6165bca6,A Mukund,India,Batsman,,
8d2c70ad,Kuldeep Yadav,India,Bowler,,
85ec8e33,SS Iyer,Unknown,Unknown,,
a7a49df4,VK Sharma,Unknown,Unknown,,
5c756df3,Abul Hasan,Rajshahi Kings,Batsman,,
4948a447,Farhad Reza,Rajshahi Kings,Batsman,,
cf73ad76,JEC Franklin,Rajshahi Kings,Batsman,,
0404d43c,Liton Das,Comilla Victorians,Batsman,,
b3a28446,Mohammad Saifuddin,Comilla Victorians,Bowler,,
68ddabdb,Mohammad Sami,Rajshahi Kings,Bowler,,
b8d18afc,Nabil Samad,Comilla Victorians,Bowler,,
6575e3bc,Nazmul Islam,Rajshahi Kings,Bowler,,
4c64cc8d,Raqibul Hasan,Unknown,Unknown,,
5f547c8b,Rashid Khan,Comilla Victorians,Bowler,,
fb82725e,Rashid Riaz,Unknown,Unknown,,
18fac429,SR Patel,Rajshahi Kings,Batsman,,
090f9211,Shahadat Hossain,Comilla Victorians,Bowler,,
61a1cead,Abdul Mazid,Khulna Titans,Batsman,,
54279e23,Alok Kapali,Khulna Titans,Batsman,,
1f7adc8a,Arafat Sunny,Rangpur Riders,Bowler,,
ad1730bc,Ariful Haque,Khulna Titans,Batsman,,
90f47cf2,MH Wessels,Khulna Titans,Batsman,,
574665e2,Mohammad Asghar,Khulna Titans,Batsman,,
77191792,Mohammad Mithun,Rangpur Riders,Batsman,,
7bd03d63,Mohammad Saddam,Khulna Titans,Batsman,,
d6dcb0c9,Mohammad Shahzad,Rangpur Riders,Batsman,,
a149de90,Mozahiduzzaman,Unknown,Unknown,,
4a491652,Muktar Ali,Rangpur Riders,Batsman,,
02e83ac5,Naeem Islam,Rangpur Riders,Batsman,,
bd81a027,Neeyamur Rashid,Unknown,Unknown,,
140cdf29,REJ Martinesz,Unknown,Unknown,,
402f8494,RJ Gleeson,Rangpur Riders,Bowler,,
0dc00542,Shahid Afridi,Rangpur Riders,Bowler,,
5a4c12ab,Sohag Gazi,Rangpur Riders,Bowler,,
888e32bf,Abdur Razzak,Chittagong Vikings,Bowler,,
31803fac,Abu Hider,Barisal Bulls,Bowler,,
3f5f39cd,Al-Amin Hossain,Barisal Bulls,Bowler,,
72b245dd,Anamul Haque,Chittagong Vikings,Batsman,,
f0df3ed7,Gazi Sohel,Unknown,Unknown,,
195fb6db,Imran Khan,Chittagong Vikings,Bowler,,
ed087aa3,Imran Parvez,Unknown,Unknown,,
58c481c6,JJ Cobb,Barisal Bulls,Batsman,,
6752c57b,Jahurul Islam,Chittagong Vikings,Batsman,,
62af8546,Mohammad Nabi,Chittagong Vikings,Bowler,,
d6ac6545,Nadif Chowdhury,Barisal Bulls,Batsman,,
0637aa94,Nazmul Hossain Milon,Chittagong Vikings,Batsman,,
26cd0ae9,Obaydul Haque,Unknown,Unknown,,
b9c225c2,Shahriar Nafees,Barisal Bulls,Batsman,,
e3e09091,Zakir Hasan,Chittagong Vikings,Batsman,,
ec72efc5,Al-Amin,Comilla Victorians,Batsman,,
721032ec,Alauddin Babu,Dhaka Dynamites,Batsman,,
2d614d14,Jashimuddin,Comilla Victorians,Batsman,,
3361993b,Mehedi Maruf,Dhaka Dynamites,Batsman,,
c285c86e,Mohammad Shahid,Dhaka Dynamites,Bowler,,
3515389d,Nadir Shah,Unknown,Unknown,,
4ec07775,RN ten Doeschate,Comilla Victorians,Bowler,,
7ca5e05d,RS Bopara,Dhaka Dynamites,Batsman,,
62e203d4,Junaid Siddique,Rajshahi Kings,Batsman,,
4c4a06fb,Nasir Jamshed,Rangpur Riders,Batsman,,
c27518d2,Ziaur Rahman,Rangpur Riders,Batsman,,
9868bc75,BMAJ Mendis,Barisal Bulls,Batsman,,
b4bef2ed,Fazle Mahmud,Barisal Bulls,Bowler,,
849c9375,Hasanuzzaman,Khulna Titans,Batsman,,
0db7fb49,Manjurul Islam,Unknown,Unknown,,
a7c3cf5f,Morshed Ali Khan,Unknown,Unknown,,
b478bce3,Selim Shahid,Unknown,Unknown,,
02789d88,Shamsur Rahman,Barisal Bulls,Batsman,,
561aff5c,Taibur Rahman,Khulna Titans,Batsman,,
9dad0f2e,Mahedi Hasan,Barisal Bulls,Batsman,,
760f445b,Monir Hossain,Barisal Bulls,Bowler,,
9bab2b81,Ashar Zaidi,Comilla Victorians,Batsman,,
1ec36a1e,Mohammad Sharif,Comilla Victorians,Bowler,,
8c7b16c8,Nahidul Islam,Comilla Victorians,Bowler,,
5340a1c1,Showkatur Rahman,Unknown,Unknown,,
1bb0993e,Abu Jayed,Dhaka Dynamites,Bowler,,
d18f9182,DPMD Jayawardene,Dhaka Dynamites,Batsman,,
8bd614b2,Rony Talukdar,Rajshahi Kings,Batsman,,
a6c37940,Akteruzzaman,Unknown,Unknown,,
b40ee8a8,PC de Silva,Chittagong Vikings,Batsman,,
17efdeb8,Raqibul Hasan,Rajshahi Kings,Batsman,,
185cbde3,Naeem Islam,Unknown,Batsman,,
288dd46e,Shykat Ali,Comilla Victorians,Unknown,,
29859e71,Akhtar Ahmad,Unknown,Unknown,,
e9d5218e,MT Coles,Dhaka Dynamites,Batsman,,
8c783a97,Mahmudul Hasan,Chittagong Vikings,Batsman,,
f3c150bb,Saqlain Sajib,Chittagong Vikings,Bowler,,
4c4fa80b,SMSM Senanayake,Rangpur Riders,Batsman,,
eb2d5fe7,Anwar Ali,Rangpur Riders,Bowler,,
8fb49ef8,Suhrawadi Shuvo,Dhaka Dynamites,Batsman,,
03ff4a44,Salman Hossain,Unknown,Unknown,,
cee2fbd8,Habibur Rahman,Comilla Victorians,Unknown,,
607ed7c2,Shohidul Islam,Chittagong Vikings,Bowler,,
0bec3a6c,BAC Howell,Khulna Titans,Batsman,,
7d6c0891,Enamul Haque,Barisal Bulls,Batsman,,
a77f51d0,Debabrata Paul,Unknown,Unknown,,
075e9f9c,Moniruzzaman,Unknown,Unknown,,
817c1746,Elias Sunny,Unknown,Unknown,,
3cc7dd5f,Irfan Sukkur,Dhaka Dynamites,Unknown,,
4c7c6f58,RJMGM Rupasinghe,Rangpur Riders,Batsman,,
e41d80d9,Samiur Rahman,Unknown,Unknown,,
37138918,Afif Hossain,Rajshahi Kings,Bowler,,
1b7664ab,Shafiuddin Ahmed,Unknown,Unknown,,
c32a41ba,A Curr,Unknown,Unknown,,
72896bd0,D Bedingfield,Unknown,Unknown,,
242f4ef1,Feng Yu,China,Batsman,,
7b70c988,Han Junhui,China,Batsman,,
6cb6215d,J Yamashita,Japan,Batsman,,
97da4ec9,K Wakita,Japan,Bowler,,
b406d908,Lu Cangcang,China,Batsman,,
96084621,M Kobayashi,Japan,Batsman,,
c1089ccb,M Perera,Unknown,Unknown,,
cbd91942,M Taniyama,Japan,Bowler,,
98aaa3f3,M Thurgate,Japan,Batsman,,
48024cf4,MM Siddique,Japan,Bowler,,
b591215f,Pu Xianliang,China,Batsman,,
cc9b822c,R Matsumura,Japan,Bowler,,
d630701e,R Tsutsui,Japan,Batsman,,
cf33e1ce,Song Yangyang,China,Batsman,,
6c7f0100,Song Yulin,China,Batsman,,
3dab8f3f,T Hagihara,Japan,Bowler,,
011b7b59,T Ota,Japan,Batsman,,
0a01e891,Tian Suqing,China,Batsman,,
93eb433f,U Pradeep,Unknown,Unknown,,
fef40097,W Miyauchi,Japan,Batsman,,
3043796f,Wang Yu,China,Batsman,,
0cf7e80f,Wang Zihao,China,Batsman,,
bf694ba1,Xu Hao,China,Unknown,,
4522ba9a,Zhang Yu Fei,China,Batsman,,
cf34fbef,M Qureshi,Unknown,Unknown,,
10ce549c,Roy Loh,Unknown,Unknown,,
ba0a8d88,A Lanning,Melbourne Stars,Batsman,,
2c772c89,A Kovalevs,Unknown,Unknown,,
91c9619b,TR Rann,Unknown,Unknown,,
0b69a844,KJ Garth,Sydney Sixers,Batsman,,
715959cd,T Steenholdt,Unknown,Unknown,,
36caea64,MP Hall,Unknown,Unknown,,
e44c17f1,H Wolff,Unknown,Unknown,,
f95e48fe,K Pope,Adelaide Strikers,Bowler,,
4b546c04,M Carmichael,Perth Scorchers,Batsman,,
72e3d89d,M Blows,Melbourne Stars,Unknown,,
f41c1218,A Yates,Melbourne Renegades,Batsman,,
d71e33bb,C Leeson,Sydney Sixers,Bowler,,
38970358,J Hicks,Sydney Sixers,Unknown,,
c218e4e7,G Prestwidge,Brisbane Heat,Unknown,,
7c1ba524,AA Patil,India,Bowler,,
562d74d0,AK Rana,Unknown,Unknown,,
8603d942,BB Pradhan,Unknown,Unknown,,
705489eb,E Bisht,India,Bowler,,
84f1ae7f,J Goswami,India,Batsman,,
ec2269dc,M Raj,India,Batsman,,
ca1a3105,Preeti Bose,India,Bowler,,
302fb7ae,S Meghana,India,Batsman,,
5463cb7a,S Pandey,India,Bowler,,
185e6c0c,S Verma,India,Unknown,,
8ff397fa,Sarika Prasad,Unknown,Unknown,,
c3f21798,V Krishnamurthy,India,Batsman,,
70b8fd28,A Lyth,Yorkshire,Batsman,,
5fcb6fb1,Azeem Rafiq,Yorkshire,Bowler,,
e412cb64,HF Gurney,Nottinghamshire,Bowler,,
f2ab7a69,JA Leaning,Yorkshire,Batsman,,
65b6943c,L Wood,Nottinghamshire,Batsman,,
e423d162,LJ Fletcher,Nottinghamshire,Bowler,,
a4b810d0,MJ Waite,Yorkshire,Batsman,,
b21ed464,SA Patterson,Yorkshire,Bowler,,
0e0d43b4,SJ Mullaney,Nottinghamshire,Bowler,,
4d4fdf4a,SJ O'Shaughnessy,Unknown,Unknown,,
f836b33d,T Kohler-Cadmore,Yorkshire,Batsman,,
85dcb721,TJ Moores,Nottinghamshire,Batsman,,
97e434a6,DP Sibley,Surrey,Batsman,,
4b685e2d,DW Lawrence,Essex,Batsman,,
5b6d248a,JA Porter,Essex,Bowler,,
e68dd455,JS Foster,Essex,Batsman,,
7be8a0ed,JW Dernbach,Surrey,Bowler,,
e94bc520,OJ Pope,Surrey,Batsman,,
57590dbb,PI Walter,Essex,Bowler,,
29e8a62e,RJ Burns,Surrey,Batsman,,
51e1ed69,SG Borthwick,Surrey,Batsman,,
e94915e6,SM Curran,Surrey,Batsman,,
54745c20,V Chopra,Essex,Batsman,,
57330536,AJ Hickey,Durham,Batsman,,
88a004e9,AM Lilley,Lancashire,Batsman,,
e737a5fe,C Rushworth,Durham,Bowler,,
4fd09cfc,G Clark,Durham,Batsman,,
c672e80e,J Clark,Lancashire,Batsman,,
a4a2a0c0,JTA Burnham,Durham,Batsman,,
818c9e0d,KR Brown,Lancashire,Batsman,,
22176fe7,MJ Richardson,Durham,Batsman,,
71440756,P Coughlin,Durham,Bowler,,
a386e91b,PD Collingwood,Durham,Bowler,,
c654af19,R McLaren,Lancashire,Batsman,,
757502b5,RD Pringle,Durham,Bowler,,
ad8cb396,RP Jones,Unknown,Unknown,,
0f6db197,S Mahmood,Lancashire,Unknown,,
fdb8ed0d,SD Parry,Lancashire,Bowler,,
ab474682,SJ Croft,Lancashire,Batsman,,
cdf59953,SW Poynter,Durham,Batsman,,
b9877635,TE Bailey,Lancashire,Bowler,,
02b93a83,U Arshad,Durham,Bowler,,
10f68de1,WJ Weighell,Durham,Bowler,,
1a45b864,AG Salter,Glamorgan,Bowler,,
72918338,AHT Donald,Glamorgan,Batsman,,
6755cd5c,CB Cooke,Glamorgan,Batsman,,
0c7f11be,DL Lloyd,Glamorgan,Batsman,,
450f6fa6,GG Wagg,Glamorgan,Bowler,,
42151725,GK Berg,Hampshire,Bowler,,
42537f07,JA Rudolph,Glamorgan,Batsman,,
9e707e02,KS Carlson,Glamorgan,Batsman,,
6feb46a4,LD McManus,Hampshire,Batsman,,
8305580c,MA Carberry,Hampshire,Batsman,,
5da34add,MG Hogan,Glamorgan,Bowler,,
951127ac,RJ Evans,Unknown,Unknown,,
8db7f47f,RJW Topley,Hampshire,Bowler,,
cad00a4d,RR Rossouw,Hampshire,Batsman,,
556302a7,SM Ervine,Hampshire,Batsman,,
5b3acc53,CJ Liddle,Gloucestershire,Bowler,,
6c79c098,DA Payne,Gloucestershire,Bowler,,
36e0770d,GD Lloyd,Unknown,Unknown,,
c2b6764d,GFB Scott,Middlesex,Batsman,,
fc1608a2,GT Hankins,Unknown,Batsman,,
542fd5a6,IA Cockbain,Gloucestershire,Batsman,,
818e8bf2,ID Blackwell,Unknown,Unknown,,
f05fe9b1,JA Simpson,Middlesex,Batsman,,
aed5be04,JMR Taylor,Gloucestershire,Batsman,,
1ad0b441,K Noema-Barnett,Gloucestershire,Batsman,,
01a95383,MD Taylor,Gloucestershire,Bowler,,
ee0c05c0,NA Sowter,Middlesex,Bowler,,
1b6fef02,P Mustard,Gloucestershire,Batsman,,
ad212f96,RF Higgins,Middlesex,Bowler,,
74a274cc,TG Helm,Middlesex,Bowler,,
0a12e736,TMJ Smith,Gloucestershire,Bowler,,
8d1dad51,A Javid,Unknown,Unknown,,
0c5bb005,AD Thomason,Warwickshire,Batsman,,
9679838c,BL D'Oliveira,Worcestershire,Batsman,,
8108e2d2,DKH Mitchell,Worcestershire,Batsman,,
a510bdd3,EG Barnard,Worcestershire,Batsman,,
fd8a9b23,GH Rhodes,Worcestershire,Batsman,,
cd143bca,J Leach,Worcestershire,Batsman,,
70fdd428,JD Shantry,Worcestershire,Bowler,,
2eca67f5,JM Clarke,Worcestershire,Batsman,,
4dea0f15,NGC Cowley,Unknown,Unknown,,
cd219cb3,NL Bainton,Unknown,Unknown,,
324a6ee1,OB Cox,Worcestershire,Batsman,,
e0ac7144,OJ Hannon-Dalby,Warwickshire,Bowler,,
3f659464,OP Stone,Warwickshire,Bowler,,
8728a058,R Clarke,Warwickshire,Bowler,,
d346d939,RA Whiteley,Worcestershire,Batsman,,
67b9536c,SR Hain,Warwickshire,Batsman,,
a15aaa7f,TR Ambrose,Warwickshire,Batsman,,
730d120f,AG Wakely,Northamptonshire,Batsman,,
1066a976,AL Hughes,Derbyshire,Bowler,,
7bcde3fe,AM Rossington,Northamptonshire,Batsman,,
b26b1e3d,BA Godleman,Derbyshire,Batsman,,
c5f1d2a1,BT Slater,Derbyshire,Batsman,,
e871a7a1,BW Sanderson,Northamptonshire,Bowler,,
4bb02ef1,D Smit,Derbyshire,Batsman,,
0f21680d,GG White,Northamptonshire,Bowler,,
9789e56e,LM Reece,Derbyshire,Batsman,,
c5cc48bc,MJJ Critchley,Derbyshire,Batsman,,
85d884bb,PR Pollard,Unknown,Unknown,,
e22d3b5c,RI Keogh,Northamptonshire,Batsman,,
c4450a69,SP Crook,Northamptonshire,Batsman,,
86e0f3f0,WL Madsen,Derbyshire,Bowler,,
3df4cd05,SC Gale,Unknown,Unknown,,
f444fdac,JH Evans,Unknown,Unknown,,
b3bd0666,M Burns,Unknown,Unknown,,
6bb53c12,PK Baldwin,Unknown,Unknown,,
29b89ae8,WB Rankin,Warwickshire,Bowler,,
8af86756,BC Brown,Sussex,Batsman,,
99760152,BV Taylor,Unknown,Unknown,,
6f049d41,CD Nash,Sussex,Batsman,,
f3abd0c9,DR Briggs,Sussex,Bowler,,
5574750c,JC Archer,Sussex,Bowler,,
1c513d54,LJ Evans,Sussex,Batsman,,
402d5937,MJ Saggers,Unknown,Unknown,,
f4dfcbb4,S van Zyl,Sussex,Batsman,,
98eacfe5,WAT Beer,Sussex,Bowler,,
104e88a4,AJ Hose,Somerset,Batsman,,
e9987a94,C Overton,Somerset,Bowler,,
7d5e0b78,J Allenby,Somerset,Batsman,,
782c0568,JC Hildreth,Somerset,Batsman,,
d3868bd0,JH Davey,Somerset,Bowler,,
06c2de82,L Gregory,Somerset,Bowler,,
d74d1090,MTC Waller,Somerset,Bowler,,
93e06301,PD Trego,Somerset,Batsman,,
8fc65c2b,SM Davies,Somerset,Batsman,,
25f7b7d6,T Banton,Unknown,Batsman,,
aa1210d8,CF Parkinson,Leicestershire,Bowler,,
27c5a793,DJ Lamb,Lancashire,Batsman,,
d510d457,EJH Eckersley,Leicestershire,Batsman,,
79c7041c,GT Griffiths,Leicestershire,Bowler,,
59792462,KM Jarvis,Lancashire,Bowler,,
35f9a295,LJ Hill,Leicestershire,Batsman,,
be768595,MJ Cosgrove,Leicestershire,Batsman,,
6a2fadd0,MW Pillans,Leicestershire,Bowler,,
eb1a5b03,TJ Wells,Leicestershire,Batsman,,
49299473,AJ Ball,Kent,Unknown,,
ea27a674,AJ Blake,Kent,Batsman,,
bca21d18,DI Stevens,Kent,Bowler,,
8f938a32,DJ Bell-Drummond,Kent,Batsman,,
49b6c09f,JC Tredwell,Kent,Bowler,,
bdadf7da,JL Denly,Kent,Batsman,,
7e4c8ba3,SA Northeast,Kent,Batsman,,
be869ccf,GHS Garton,Sussex,Bowler,,
47b4ad09,JG Myburgh,Somerset,Batsman,,
dddc811c,TD Groenewald,Somerset,Bowler,,
fd770945,BT Foakes,Surrey,Batsman,,
e5652e3d,Imran Qayyum,Kent,Bowler,,
a37b5c0a,BO Coad,Yorkshire,Bowler,,
15101f12,ME Claydon,Kent,Bowler,,
eddf25bd,CAJ Meschede,Glamorgan,Batsman,,
bbbb7f1e,JE Poysden,Warwickshire,Bowler,,
eec81780,Hamidullah Qadri,Derbyshire,Unknown,,
19708692,MW Parkinson,Lancashire,Bowler,,
c56819b2,CAJ Brodrick,Derbyshire,Batsman,,
71647ced,AJA Wheater,Essex,Batsman,,
eb9cb105,SC Meaker,Surrey,Batsman,,
9395f98e,CJ Haggett,Kent,Bowler,,
a7c226e1,FH Edwards,Hampshire,Batsman,,
961b8ff1,TP Alsop,Hampshire,Batsman,,
e3434f95,AM Ali,Unknown,Batsman,,
aeab0d4f,D Klein,Leicestershire,Bowler,,
eba62359,ML Pettini,Leicestershire,Batsman,,
2223b920,KHD Barker,Warwickshire,Bowler,,
53597be1,BRM Taylor,Nottinghamshire,Batsman,,
314ed7e6,MW Dixon,Essex,Bowler,,
bab08c8b,NJ Selman,Glamorgan,Batsman,,
3d284ca3,PD Salt,Sussex,Batsman,,
1f28c0f2,RI Newton,Northamptonshire,Batsman,,
c9c0fe50,AZ Lees,Yorkshire,Batsman,,
d8b24492,K Carver,Yorkshire,Bowler,,
5899dceb,CT Steel,Durham,Batsman,,
67954d19,GJ Harte,Durham,Batsman,,
c1a89821,NRT Gubbins,Middlesex,Batsman,,
170f716c,AJ Mellor,Warwickshire,Batsman,,
d6663a9a,EJ Pollock,Warwickshire,Batsman,,
b5781ac3,L Trevaskis,Durham,Batsman,,
8f2dfebf,MD Fisher,Yorkshire,Batsman,,
3f61a062,BTJ Wheal,Hampshire,Bowler,,
1efd12d1,PR Brown,Worcestershire,Batsman,,
5239d782,NL Buck,Northamptonshire,Bowler,,
ab01e323,SA Zaib,Northamptonshire,Bowler,,
1cfac535,CP Wood,Hampshire,Bowler,,
72898514,WT Root,Nottinghamshire,Batsman,,
1f1b4c89,JC Tongue,Worcestershire,Bowler,,
a7e8ff19,BD Cotton,Derbyshire,Bowler,,
5e6d1a54,LJ Carey,Glamorgan,Bowler,,
ba9258a7,TB Abell,Somerset,Batsman,,
2a0d5d4a,Azharullah,Northamptonshire,Bowler,,
884f72a1,TA Wood,Derbyshire,Batsman,,
43205dad,HW Podmore,Middlesex,Batsman,,
4167f30b,IG Holland,Hampshire,Bowler,,
75cbed9b,SS Eskinazi,Middlesex,Batsman,,
7cdecc31,TE Barber,Middlesex,Batsman,,
cad40f5e,BA Carse,Durham,Batsman,,
21764a38,A Hepburn,Worcestershire,Bowler,,
95a06106,GLS Scrimshaw,Worcestershire,Bowler,,
3f1ad7f2,CM Dickinson,Hampshire,Batsman,,
6dd03875,CJ Taylor,Unknown,Unknown,,
